id	chrom	start0	end0	svtype	svlen_abs	consequence	y_binary	af	repeat_frac	mappability	gene_density	ref_len	alt_len	ref_gc	alt_gc	ref_max_homopolymer	alt_max_homopolymer	ref_max_dinuc_repeats	alt_max_dinuc_repeats	f15532
hprcv2_chr12_18338442_DEL_8c047eeca344	chr12	18338441	18338817	DEL	375.0	cds	1	0.00215983	0.27239264	1.0	1.0	376	1	0.3484042553191489	0.0	7	1	23	0	0.09904635
hprcv2_chrX_8169893_DEL_209000264e6c	chrX	8169892	8188029	DEL	18136.0	cds	1	0.00377358	0.0625	0.95326451	1.0	18137	1	0.4002867067320946	1.0	12	1	11	0	0.07787022
hprcv2_chr4_60205217_DEL_7c2e4c75f780	chr4	60205216	60213311	DEL	8094.0	regulatory	0	0.00215983	0.21554129	1.0	0.0	8095	1	0.36009882643607166	0.0	17	1	8	0	0.05008833
hprcv2_chr6_53878970_DEL_5f693de86fba	chr6	53878969	53879024	DEL	54.0	cds	1	0.00215983	0.58073883	1.0	1.0	55	1	0.38181818181818183	0.0	4	1	2	0	0.032186285
hprcv2_chr2_46683003_DEL_bead59880d70	chr2	46683002	46683318	DEL	315.0	regulatory	0	0.00431965	0.20309598	0.98142415	0.0	316	1	0.5727848101265823	0.0	23	1	11	0	0.025508374
hprcv2_chr18_14613134_DEL_003df94e5ac1	chr18	14613133	14617593	DEL	4459.0	splice	1	0.012987	0.56835938	0.89229911	0.071010045	4460	1	0.365695067264574	1.0	7	1	3	0	0.02080506
hprcv2_chr11_89887228_DEL_5ce40e6a5100	chr11	89887227	89893231	DEL	6003.0	splice	1	0.326754	0.2827846	0.32114955	0.40973772	6004	1	0.38407728181212525	0.0	8	1	6	0	0.019811936
hprcv2_chr17_22123518_DEL_13bad20aa2c5	chr17	22123517	22197628	DEL	74088.0	splice	1	0.00217391	0.48995536	1.0	1.0	74111	23	0.3317456248060342	0.0	29	0	14	11	0.019536555
hprcv2_chr9_135587254_DEL_9bca26945b0b	chr9	135587253	135588353	DEL	1099.0	splice	1	0.853132	0.10742188	1.0	0.88657924	1100	1	0.6427272727272727	0.0	6	1	3	0	0.017593995
hprcv2_chr16_32795185_DEL_e609a77405fb	chr16	32795184	32795409	DEL	224.0	intergenic	0	0.0	0.26927304	0.092165175	0.0	225	1	0.3022222222222222	0.0	4	1	3	0	0.017235145
hprcv2_chr18_44498944_DEL_58803df3d36c	chr18	44498943	44499262	DEL	318.0	intronic	0	0.0021645	0.24787251	1.0	1.0	319	1	0.567398119122257	0.0	20	1	10	0	0.017118916
hprcv2_chr20_62528859_DEL_4e54d04f8592	chr20	62528858	62529523	DEL	664.0	regulatory	0	0.0194805	0.43031282	1.0	0.0	665	1	0.5383458646616541	1.0	6	1	3	0	0.016437888
hprcv2_chr17_18546866_DEL_e93669428203	chr17	18546865	18548382	DEL	1516.0	intronic	0	0.00888889	0.34277344	0.84402902	1.0	1517	1	0.3764007910349374	0.0	7	1	3	0	0.016116917
hprcv2_chr4_56673798_DEL_0c6987cbe1a0	chr4	56673797	56678539	DEL	4741.0	splice	1	0.0215983	0.40987723	1.0	1.0	4742	1	0.45402783635596794	1.0	25	1	12	0	0.015680023
hprcv2_chr14_104430178_DEL_4aca3bdd0a5e	chr14	104430177	104430718	DEL	540.0	regulatory	0	0.00215983	0.14151085	1.0	0.0	541	1	0.6062846580406654	1.0	4	1	2	0	0.0152053535
hprcv2_chr12_14169566_DEL_170997e29cd5	chr12	14169565	14169727	DEL	161.0	regulatory	0	0.00215983	0.35601015	0.9817634	0.020932445	162	1	0.3765432098765432	0.0	4	1	2	0	0.01504124
hprcv2_chr9_70146890_DEL_1ba61cda1730	chr9	70146889	70148984	DEL	2094.0	splice	1	0.0799136	0.46875	1.0	1.0	2095	1	0.4491646778042959	0.0	6	1	4	0	0.014705598
hprcv2_chrY_23240544_DEL_e14869082c7f	chrY	23240543	23252480	DEL	11936.0	cds	1	0.0144928	0.28445871	0.027483259	1.0	11937	1	0.3329982407640111	1.0	20	1	10	0	0.013919003
hprcv2_chr1_1427145_DEL_cff215dd1d6c	chr1	1427144	1428625	DEL	1480.0	cds	1	0.00222222	0.34974888	1.0	0.70968192	1481	1	0.713031735313977	0.0	6	1	4	0	0.0129674375
hprcv2_chr5_42165826_DEL_88ec8c427b74	chr5	42165825	42167667	DEL	1841.0	intergenic	0	0.656587	0.70228795	0.90220424	0.0	1842	1	0.38979370249728557	0.0	13	1	6	0	0.012764327
hprcv2_chr15_22085127_DEL_03843c41b6af	chr15	22085126	22095701	DEL	10574.0	cds	1	0.375	0.50181362	0.50544085	0.59388951	10575	1	0.3656737588652482	1.0	15	1	7	0	0.011847384
hprcv2_chr5_467734_DEL_3712c8514026	chr5	467733	468378	DEL	644.0	utr	0	0.00647948	0.055236412	0.98880542	1.0	645	1	0.6713178294573643	0.0	4	1	2	0	0.011394531
hprcv2_chr8_2247958_DEL_21c430dee282	chr8	2247957	2249819	DEL	1861.0	regulatory	0	0.171739	0.1124442	0.72642299	0.0	1862	1	0.6305048335123523	1.0	5	1	2	0	0.011108942
hprcv2_chr18_26829029_DEL_eacc36555c06	chr18	26829028	26829448	DEL	419.0	intronic	0	0.107991	0.11075564	0.93083486	1.0	420	1	0.55	0.0	5	1	3	0	0.01106146
hprcv2_chr16_29393_DEL_9a0b215899c8	chr16	29392	29652	DEL	259.0	exon_noncod	0	0.00609756	0.31620862	0.61914428	1.0	260	1	0.6307692307692307	1.0	5	1	3	0	0.010597646
hprcv2_chr12_131448843_DEL_67f5a38c7ecd	chr12	131448842	131466461	DEL	15019.0	splice	1	0.00215983	0.29115513	0.98060826	0.78152902	17619	2600	0.4529768999375674	0.4703846153846154	24	8	12	16	0.010097735
hprcv2_chr9_41560571_DEL_fa04170ee09b	chr9	41560570	41564512	DEL	3941.0	regulatory	0	0.211111	0.45228795	0.70061384	0.0	3942	1	0.354388635210553	1.0	23	1	11	0	0.010086708
hprcv2_chr7_12242077_DEL_c6d59e62b633	chr7	12242076	12242399	DEL	322.0	utr	0	0.62851	0.43049327	0.99783516	0.67465595	323	1	0.56656346749226	0.0	20	1	10	0	0.009791568
hprcv2_chr5_177962555_DEL_e58c2594f322	chr5	177962554	177979964	DEL	17409.0	splice	1	0.00226757	0.20717076	0.9594029	1.0	17410	1	0.4578403216542217	1.0	19	1	28	0	0.009771325
hprcv2_chr12_34203017_DEL_7ff801cc6312	chr12	34203016	34208517	DEL	5500.0	splice	1	0.0368764	0.61007254	1.0	1.0	5501	1	0.5618978367569533	1.0	6	1	8	0	0.009754856
hprcv2_chr11_49344938_DEL_7ae2db092726	chr11	49344937	49345321	DEL	383.0	intronic	0	0.00215983	0.33287377	1.0	1.0	384	1	0.3411458333333333	0.0	6	1	3	0	0.009607464
hprcv2_chr2_121040229_DEL_9523b57ea217	chr2	121040228	121040823	DEL	594.0	splice	1	0.514039	0.45184746	1.0	0.014987387	595	1	0.4016806722689076	1.0	9	1	4	0	0.009226285
hprcv2_chr21_23051008_DEL_8c6e9b65d399	chr21	23051007	23062783	DEL	11775.0	regulatory	0	0.00647948	0.60518973	1.0	0.050920759	11776	1	0.36234714673913043	0.0	17	1	8	0	0.009085719
hprcv2_chr22_23581393_INS_4a662973a106	chr22	23581392	23581663	INS	73.0	splice	1	0.0021645	0.37521434	1.0	0.77349961	271	344	0.4981549815498155	0.5581395348837209	14	8	7	4	0.009068243
hprcv2_chr2_50246240_DEL_78e346fa9e33	chr2	50246239	50253865	DEL	7625.0	intronic	0	0.00215983	0.32226562	1.0	1.0	7626	1	0.3556254917387884	0.0	19	1	9	0	0.009040788
hprcv2_chrY_24845143_DEL_3389a3780ca1	chrY	24845142	24856018	DEL	10875.0	cds	1	0.425926	0.29673549	0.05078125	1.0	10876	1	0.35159985288709084	1.0	33	1	16	0	0.008442599
hprcv2_chr19_7037805_DEL_f8bf9ff216ea	chr19	7037804	7056323	DEL	18518.0	cds	1	0.00219298	0.4796317	0.42313058	0.52413504	18519	1	0.41319725687132136	1.0	31	1	15	0	0.008176995
hprcv2_chr16_15407848_DEL_7b3cf1c82c19	chr16	15407847	15409091	DEL	1243.0	cds	1	0.0021692	0.62248884	1.0	1.0	1244	1	0.4139871382636656	1.0	21	1	10	0	0.008070778
hprcv2_chr17_82091189_DEL_d42317985e67	chr17	82091188	82092502	DEL	1313.0	cds	1	0.00215983	0.060267857	1.0	1.0	1314	1	0.6757990867579908	0.0	7	1	3	0	0.007950313
hprcv2_chr15_90247103_DEL_bd22ad1b10e0	chr15	90247102	90247856	DEL	753.0	intronic	0	0.0280778	0.47535518	1.0	1.0	754	1	0.46816976127320953	0.0	16	1	8	0	0.007862905
hprcv2_chr17_83228991_INS_de8c84153ab2	chr17	83228990	83228991	INS	4907.0	splice	1	0.00217391	0.59723352	0.19658259	1.0	1	4908	1.0	0.5358598207008965	1	13	0	6	0.0078197345
hprcv2_chr13_37496258_DEL_3706212ee09e	chr13	37496257	37546593	DEL	50335.0	splice	1	0.00647948	0.72851562	1.0	0.5	50336	1	0.3566036236490782	0.0	25	1	12	0	0.007816389
hprcv2_chr12_24007341_DEL_5a85830dd46c	chr12	24007340	24007683	DEL	342.0	intronic	0	0.140389	0.4143672	0.95036226	1.0	343	1	0.0728862973760933	1.0	3	1	5	0	0.0077050775
hprcv2_chr5_89310945_DEL_7e52d42c5e5d	chr5	89310944	89311231	DEL	286.0	intronic	0	0.00215983	0.26107915	0.95754937	1.0	287	1	0.1986062717770035	1.0	2	1	6	0	0.007563129
hprcv2_chrX_37495528_DEL_e866c677103f	chrX	37495527	37509070	DEL	13542.0	splice	1	0.037464	0.41238839	0.99581473	1.0	13543	1	0.42486893598168796	0.0	12	1	19	0	0.0074594766
hprcv2_chr9_39586503_DEL_d9a0307024c7	chr9	39586502	39588991	DEL	2488.0	regulatory	0	0.0	0.52287946	0.9405692	0.0	2489	1	0.44837284049819204	0.0	15	1	7	0	0.0073712096
hprcv2_chr21_32585499_DEL_e5f3b8938bbc	chr21	32585498	32593272	DEL	7773.0	cds	1	0.00215983	0.34082031	1.0	1.0	7774	1	0.46797015693336763	0.0	28	1	14	0	0.0072843507
hprcv2_chr13_86202808_DEL_d8afa16ecb09	chr13	86202807	86269522	DEL	66714.0	splice	1	0.185745	0.32938058	0.95145089	0.0	66715	1	0.10029228809113393	0.0	26	1	25000	0	0.007024545
hprcv2_chr7_128858404_DEL_d45edb0c83de	chr7	128858403	128902997	DEL	44494.0	cds	1	0.0021645	0.23060826	0.95521763	1.0	44594	100	0.5456339417858905	0.0	30	0	15	50	0.0067297593
hprcv2_chr5_17639420_DEL_d98e3ba79536	chr5	17639419	17644865	DEL	5445.0	splice	1	0.00217391	0.59974888	1.0	0.031529018	5446	1	0.38633859713551233	1.0	11	1	6	0	0.0066012554
hprcv2_chr21_46183552_DEL_b3344b55b424	chr21	46183551	46183817	DEL	265.0	splice	1	0.00647948	0.24399376	0.97098284	0.90608424	266	1	0.706766917293233	1.0	5	1	2	0	0.00645642
hprcv2_chr19_42960460_DEL_324e0ca8ef23	chr19	42960459	43000060	DEL	39532.0	splice	1	0.00668151	0.61077009	0.98660714	0.5	39601	69	0.4186510441655514	0.3188405797101449	22	7	17	4	0.0064326897
hprcv2_chr15_21409132_DEL_847735369bab	chr15	21409131	21409192	DEL	60.0	cds	1	0.00884956	0.58678485	0.59693795	1.0	61	1	0.39344262295081966	0.0	4	1	2	0	0.006213503
hprcv2_chr15_21268945_DEL_f27e4d487eff	chr15	21268944	21269006	DEL	61.0	regulatory	0	0.00884956	0.32597486	1.0	0.0	62	1	0.4032258064516129	0.0	4	1	2	0	0.006167963
hprcv2_chr4_54235415_DEL_d01be7f4a831	chr4	54235414	54252878	DEL	17463.0	cds	1	0.00215983	0.19475446	0.99023438	1.0	17464	1	0.4091273476866697	0.0	21	1	10	0	0.006146051
hprcv2_chr17_26766352_DEL_f3b21d783d82	chr17	26766351	26767015	DEL	663.0	regulatory	0	0.0456522	0.19726792	0.95402468	0.0	664	1	0.6867469879518072	0.0	7	1	3	0	0.005845748
hprcv2_chr4_156636211_DEL_6f4799464fbc	chr4	156636210	156636685	DEL	474.0	splice	1	0.00431965	0.19383593	1.0	0.7952863	475	1	0.3263157894736842	0.0	7	1	3	0	0.005801052
hprcv2_chr10_13233286_DEL_382c3d66cf00	chr10	13233285	13234242	DEL	956.0	cds	1	0.00431965	0.37881988	1.0	0.58597381	957	1	0.5454545454545454	0.0	8	1	4	0	0.0057032406
hprcv2_chr10_69297618_DEL_b6612d81f5dd	chr10	69297617	69300779	DEL	3145.0	splice	1	0.0259179	0.70047433	1.0	1.0	3162	17	0.452561669829222	0.5294117647058824	13	2	6	2	0.0055993274
hprcv2_chr4_39582392_DEL_acc6472c5a53	chr4	39582391	39587674	DEL	5282.0	splice	1	0.00431965	0.63071987	1.0	1.0	5283	1	0.4234336551201969	1.0	26	1	13	0	0.005590994
hprcv2_chr17_38939322_DEL_559f73ada39c	chr17	38939321	38941476	DEL	2154.0	intronic	0	0.012959	0.50251116	0.98856027	0.97460938	2155	1	0.42691415313225056	0.0	26	1	13	0	0.0055763572
hprcv2_chr1_213398001_DEL_ad9bfe3affb5	chr1	213398000	213403890	DEL	5889.0	regulatory	0	0.00215983	0.2781808	1.0	0.0	5890	1	0.45517826825127333	0.0	21	1	10	0	0.0054996386
hprcv2_chr15_28522680_DEL_c054748043a4	chr15	28522679	28523316	DEL	636.0	cds	1	0.00217865	0.11768176	0.21398024	0.99955759	637	1	0.6169544740973313	1.0	6	1	4	0	0.005304139
hprcv2_chr15_23440085_DEL_5ca579f479be	chr15	23440084	23441196	DEL	1111.0	cds	1	0.012987	0.32547433	1.0	0.71749442	1112	1	0.5764388489208633	0.0	5	1	3	0	0.005284762
hprcv2_chr15_21422142_INS_6e1699ce681a	chr15	21422141	21422142	INS	55.0	cds	1	0.00884956	0.22115541	0.47794955	1.0	1	56	0.0	0.4107142857142857	1	4	0	2	0.005085297
hprcv2_chr15_21418392_DEL_34272bd93566	chr15	21418391	21418470	DEL	78.0	intronic	0	0.0176991	0.42503616	0.39852161	1.0	79	1	0.379746835443038	0.0	5	1	2	0	0.0047145337
hprcv2_chr10_1750202_DEL_1f6f1bd440ff	chr10	1750201	1750461	DEL	259.0	intergenic	0	0.200864	0.52201749	0.98703935	0.0	260	1	0.5615384615384615	0.0	20	1	10	0	0.0047137886
hprcv2_chr17_6560734_DEL_8d5c9e20e769	chr17	6560733	6561145	DEL	411.0	regulatory	0	0.00215983	0.43669921	1.0	0.0	412	1	0.5533980582524272	0.0	6	1	3	0	0.0046930723
hprcv2_chr11_18209132_INS_029a118a9862	chr11	18209131	18209132	INS	93.0	splice	1	0.0194384	0.52009764	1.0	0.49910496	1	94	1.0	0.776595744680851	1	4	0	2	0.0046869647
hprcv2_chr10_36016719_INS_e079934060f5	chr10	36016718	36016816	INS	5279.0	intergenic	0	0.00215983	0.20634412	1.0	0.0	98	5377	0.2857142857142857	0.3950158080714153	5	8	3	4	0.004556909
hprcv2_chr6_99812253_DEL_12c762d55b52	chr6	99812252	99812402	DEL	149.0	regulatory	0	0.734341	0.43104544	1.0	0.0	150	1	0.4533333333333333	1.0	5	1	2	0	0.0045500062
hprcv2_chr6_139281847_DEL_191b1956815e	chr6	139281846	139286080	DEL	4233.0	splice	1	0.177106	0.45828683	0.95535714	1.0	4234	1	0.4121398205007086	1.0	18	1	24	0	0.004472602
hprcv2_chr5_174026105_DEL_c17e4a964938	chr5	174026104	174030957	DEL	4852.0	regulatory	0	0.00215983	0.78069196	1.0	0.0	4853	1	0.3562744694003709	0.0	11	1	5	0	0.004328396
hprcv2_chr8_1246941_DEL_14cfa4ab1b0e	chr8	1246940	1247481	DEL	540.0	splice	1	0.00431965	0.26402393	1.0	1.0	541	1	0.5600739371534196	1.0	3	1	3	0	0.004206326
hprcv2_chr11_90065913_DEL_98b755f08df9	chr11	90065912	90077392	DEL	11479.0	splice	1	0.0604752	0.43094308	0.70256696	0.02218192	11480	1	0.38797909407665504	0.0	23	1	11	0	0.004191138
hprcv2_chrX_3995750_DEL_4c9d1d1eed59	chrX	3995749	3996228	DEL	478.0	intergenic	0	0.0317919	0.80235543	0.99441341	0.0	479	1	0.05010438413361169	0.0	2	1	4	0	0.004142642
hprcv2_chr7_15190077_DEL_bb534388a0b9	chr7	15190076	15190183	DEL	106.0	intergenic	0	0.00431965	0.4637658	1.0	0.0	107	1	0.0	0.0	3	1	15	0	0.0041372776
hprcv2_chr1_245974533_DEL_73dfe4bdd60b	chr1	245974532	245975013	DEL	480.0	intronic	0	0.0215983	0.26083019	0.83124528	1.0	481	1	0.6548856548856549	1.0	3	1	2	0	0.0041343793
hprcv2_chr5_19379299_DEL_4fce759e609d	chr5	19379298	19379541	DEL	242.0	regulatory	0	0.00215983	0.46907781	1.0	0.0	243	1	0.2839506172839506	0.0	5	1	2	0	0.004096031
hprcv2_chr8_3510104_DEL_173005d888ae	chr8	3510103	3511734	DEL	1630.0	intronic	0	0.0151188	0.40499442	1.0	1.0	1631	1	0.44267320662170445	0.0	11	1	5	0	0.0040763915
hprcv2_chr15_21544095_DEL_261da8812694	chr15	21544094	21544164	DEL	69.0	exon_noncod	0	0.00877193	0.43064049	0.47296427	0.54264564	70	1	0.4	0.0	3	1	2	0	0.0040330812
hprcv2_chr19_35360248_DEL_8c2f08062285	chr19	35360247	35372716	DEL	12468.0	cds	1	0.12095	0.4390346	0.83426339	0.38895089	12469	1	0.4818349506776807	1.0	12	1	6	0	0.0038197506
hprcv2_chr1_69341309_DEL_0b5a0f26e477	chr1	69341308	69341628	DEL	319.0	regulatory	0	0.989201	0.73406559	0.98128094	0.0	320	1	0.565625	0.0	25	1	12	0	0.0037956564
hprcv2_chr10_12116556_DEL_9a039c8842d5	chr10	12116555	12122516	DEL	5960.0	cds	1	0.00215983	0.62081473	1.0	0.66978237	5961	1	0.47223620197953364	0.0	24	1	12	0	0.0037466362
hprcv2_chrX_94145915_DEL_ff9e9b82f765	chrX	94145914	94149722	DEL	3807.0	intergenic	0	0.0576369	0.93777902	1.0	0.0	3808	1	0.38235294117647056	0.0	14	1	7	0	0.0036149547
hprcv2_chr11_1154921_DEL_51e8db7f8d08	chr11	1154920	1155061	DEL	140.0	regulatory	0	0.00215983	0.019888624	0.96435959	0.028798727	141	1	0.3829787234042553	1.0	3	1	3	0	0.003572464
hprcv2_chr1_207538107_DEL_dcddea744bab	chr1	207538106	207556648	DEL	18541.0	cds	1	0.00863931	0.52273996	0.046875	1.0	18542	1	0.4056736058677597	0.0	17	1	8	0	0.0035026744
hprcv2_chr3_42851733_DEL_c3cd4b06b606	chr3	42851732	42852491	DEL	758.0	splice	1	0.00215983	0.49804433	1.0	1.0	759	1	0.45454545454545453	1.0	6	1	3	0	0.003486216
hprcv2_chr16_903337_DEL_848026ba5bcb	chr16	903336	903616	DEL	279.0	exon_noncod	0	0.437229	0.24828767	0.94349315	1.0	280	1	0.6642857142857143	1.0	4	1	3	0	0.003472805
hprcv2_chr2_159459842_INS_eaafd25ceb0a	chr2	159459841	159459842	INS	6067.0	exon_noncod	0	0.00215983	0.18942229	1.0	1.0	1	6068	0.0	0.4240276862228082	1	25	0	12	0.003448002
hprcv2_chr19_7033127_DEL_4d880d8a94f4	chr19	7033126	7051860	DEL	18733.0	cds	1	0.00219298	0.47098214	0.57226562	0.39355469	18734	1	0.4071207430340557	0.0	31	1	15	0	0.0034259371
hprcv2_chr22_21550905_DEL_3db3cbf751a2	chr22	21550904	21550971	DEL	66.0	cds	1	0.00215983	0.26050555	0.14345516	1.0	67	1	0.7611940298507462	0.0	4	1	2	0	0.003414385
hprcv2_chr21_45924762_DEL_d39c3d5ed0d1	chr21	45924761	45925158	DEL	396.0	intronic	0	0.00431965	0.38021709	1.0	1.0	397	1	0.5642317380352645	1.0	3	1	2	0	0.0033201203
hprcv2_chr6_168742932_DEL_0da75c62d3f5	chr6	168742931	168743162	DEL	230.0	intergenic	0	0.265659	0.37631373	1.0	0.09254902	231	1	0.5627705627705628	0.0	3	1	2	0	0.003305465
hprcv2_chr7_44227121_DEL_7924659a21a3	chr7	44227120	44227501	DEL	380.0	intronic	0	0.00215983	0.018084291	1.0	1.0	381	1	0.6587926509186351	1.0	6	1	4	0	0.0032847226
hprcv2_chr5_62809039_DEL_2e13d6fb34f1	chr5	62809038	62809288	DEL	249.0	intergenic	0	0.00215983	0.63278073	1.0	0.0	250	1	0.392	1.0	7	1	3	0	0.0032138154
hprcv2_chr7_107613649_DEL_1379c99f994c	chr7	107613648	107613699	DEL	50.0	cds	1	0.00863931	0.46941082	1.0	1.0	51	1	0.3333333333333333	0.0	5	1	2	0	0.003176652
hprcv2_chr3_195740605_DEL_870fe1724d00	chr3	195740604	195741270	DEL	665.0	cds	1	0.00302115	0.72701909	1.0	0.52731278	666	1	0.4114114114114114	0.0	6	1	3	0	0.0031385273
hprcv2_chr9_29031_DEL_4618dd5ee81d	chr9	29030	31125	DEL	2094.0	splice	1	0.00433839	0.44447545	0.32101004	1.0	2095	1	0.524582338902148	0.0	6	1	14	0	0.0031297691
hprcv2_chrX_120509456_DEL_99fd9a9f9c23	chrX	120509455	120509769	DEL	313.0	utr	0	0.726225	0.81913905	0.98265717	1.0	314	1	0.5668789808917197	1.0	18	1	9	0	0.0031192005
