id,chrom,svtype,consequence,consequence_coarse,y_binary,svlen_abs,svlen_signed,af,log_svlen,gc_window,svtype_ins,delta_norm
hprcv2_chr7_57651110_DEL_8780b2c2ead3,chr7,DEL,splice,coding,1,1174.0,-1174.0,0.0893246,3.0696680969115957,,0,0.12373504
hprcv2_chr5_26864192_DEL_e66c382ac7b8,chr5,DEL,regulatory,regulatory,0,64.0,-64.0,0.00215983,1.806179973983887,,0,0.018777179
hprcv2_chr15_21342574_INS_ccf61c1c40ac,chr15,INS,exon_noncod,noncoding_genic,0,81.0,81.0,0.00884956,1.9084850188786497,,1,0.03053223
hprcv2_chr16_23665975_DEL_50c6989dc95c,chr16,DEL,splice,coding,1,77.0,-77.0,0.00215983,1.8864907251724818,,0,0.026444813
hprcv2_chr15_21609720_DEL_bd7d646525be,chr15,DEL,exon_noncod,noncoding_genic,0,157.0,-157.0,0.0176991,2.1958996524092336,,0,0.03643151
hprcv2_chr15_91296667_DEL_5b0996128684,chr15,DEL,utr,noncoding_genic,0,82.0,-82.0,0.00215983,1.9138138523837167,,0,0.018420758
hprcv2_chr7_34153472_INS_b238e9ba5658,chr7,INS,utr,noncoding_genic,0,149.0,149.0,0.00215983,2.173186268412274,,1,0.053879727
hprcv2_chr7_144052524_INS_6348277c50b4,chr7,INS,utr,noncoding_genic,0,338.0,338.0,0.00215983,2.5289167002776547,,1,0.109538056
hprcv2_chr15_21709880_DEL_3c5ebe7cdd7f,chr15,DEL,exon_noncod,noncoding_genic,0,72.0,-72.0,0.00892857,1.8573324964312685,,0,0.036896434
hprcv2_chr1_248003495_INS_37db9378b28e,chr1,INS,exon_noncod,noncoding_genic,0,53.0,53.0,0.0109409,1.724275869600789,,1,0.02520198
hprcv2_chr22_36799977_DEL_59447f4e5c58,chr22,DEL,intergenic,intergenic,0,171.0,-171.0,0.460043,2.2329961103921536,,0,0.06277264
hprcv2_chr6_52995833_INS_79175baefc07,chr6,INS,exon_noncod,noncoding_genic,0,347.0,347.0,0.00215983,2.5403294747908736,,1,0.08900428
hprcv2_chr15_21405395_INS_4c5275a3a34f,chr15,INS,splice,coding,1,51.0,51.0,0.00884956,1.7075701760979363,,1,0.03137907
hprcv2_chr7_57120186_INS_fc695ffd09a3,chr7,INS,cds,coding,1,84.0,84.0,0.00217391,1.9242792860618816,,1,0.020428577
hprcv2_chr19_56979794_INS_b86dc56893b7,chr19,INS,regulatory,regulatory,0,116.0,116.0,0.0237581,2.0644579892269186,,1,0.039435435
hprcv2_chrX_52151282_DEL_f4f32ade77ee,chrX,DEL,regulatory,regulatory,0,8640.0,-8640.0,0.350725,3.936513742478893,,0,0.23193601
hprcv2_chr2_33791307_DEL_964548c2182d,chr2,DEL,intronic,noncoding_genic,0,940.0,-940.0,0.00215983,2.9731278535996988,,0,0.10840924
hprcv2_chr5_10124533_DEL_806edb7dbf82,chr5,DEL,regulatory,regulatory,0,70.0,-70.0,0.0194384,1.845098040014257,,0,0.025496393
hprcv2_chr13_91101806_DEL_ebbe7d1fc46f,chr13,DEL,intergenic,intergenic,0,119.0,-119.0,0.00647948,2.0755469613925306,,0,0.020344352
hprcv2_chr6_17634603_INS_bbc21fd4c9e6,chr6,INS,intronic,noncoding_genic,0,206.0,206.0,0.00215983,2.3138672203691533,,1,0.06579262
hprcv2_chr15_101755878_INS_569687ed6a99,chr15,INS,exon_noncod,noncoding_genic,0,188.0,188.0,0.00265252,2.27415784926368,,1,0.041626032
hprcv2_chr18_67940959_INS_4c3ced2efacc,chr18,INS,exon_noncod,noncoding_genic,0,71.0,71.0,0.00215983,1.8512583487190752,,1,0.039882418
hprcv2_chrX_118131403_DEL_b4111c358adc,chrX,DEL,regulatory,regulatory,0,53.0,-53.0,0.00288184,1.724275869600789,,0,0.017943798
hprcv2_chr3_129274104_INS_5fab6eefd85f,chr3,INS,utr,noncoding_genic,0,221.0,221.0,0.00215983,2.3443922736851106,,1,0.08180065
hprcv2_chr7_98847002_INS_ba5fd4ca32f4,chr7,INS,utr,noncoding_genic,0,98.0,98.0,0.00215983,1.9912260756924949,,1,0.027667241
hprcv2_chr5_36172012_INS_8ce0df7e9d22,chr5,INS,exon_noncod,noncoding_genic,0,136.0,136.0,0.00215983,2.1335389083702174,,1,0.03843256
hprcv2_chr16_81374921_INS_158ab9676e6b,chr16,INS,intronic,noncoding_genic,0,324.0,324.0,0.00215983,2.510545010206612,,1,0.06332393
hprcv2_chr4_54235415_DEL_d01be7f4a831,chr4,DEL,cds,coding,1,17463.0,-17463.0,0.00215983,4.242118854004543,,0,0.29373875
hprcv2_chr9_137217032_INS_2bb879b25ea0,chr9,INS,utr,noncoding_genic,0,153.0,153.0,0.0021645,2.184691430817599,,1,0.04451967
hprcv2_chr10_123693927_DEL_394f0bae6886,chr10,DEL,utr,noncoding_genic,0,58.0,-58.0,0.012959,1.7634279935629373,,0,0.02240423
hprcv2_chr10_69297618_DEL_b6612d81f5dd,chr10,DEL,splice,coding,1,3145.0,-3145.0,0.0259179,3.497620649781288,,0,0.17389844
hprcv2_chr3_128544355_DEL_cd835cc2a58c,chr3,DEL,regulatory,regulatory,0,178.0,-178.0,0.00215983,2.250420002308894,,0,0.049876124
hprcv2_chr15_21703374_DEL_85e5a997bc50,chr15,DEL,splice,coding,1,66.0,-66.0,0.00892857,1.8195439355418688,,0,0.025560137
hprcv2_chr5_177962555_DEL_e58c2594f322,chr5,DEL,splice,coding,1,17409.0,-17409.0,0.00226757,4.240773825284193,,0,0.13948461
hprcv2_chr1_1284096_INS_63c415da46cb,chr1,INS,splice,coding,1,1735.0,1735.0,0.0021645,3.2392994791268923,,1,0.32986435
hprcv2_chr17_38939322_DEL_559f73ada39c,chr17,DEL,intronic,noncoding_genic,0,2154.0,-2154.0,0.012959,3.3332456989619628,,0,0.07455931
hprcv2_chr21_23051008_DEL_8c6e9b65d399,chr21,DEL,regulatory,regulatory,0,11775.0,-11775.0,0.00647948,4.070960915800934,,0,0.11377892
hprcv2_chr12_38897729_INS_d6a6ff1f9f8e,chr12,INS,intronic,noncoding_genic,0,113.0,113.0,0.00215983,2.0530784434834195,,1,0.046853792
hprcv2_chr6_119973435_DEL_0c4b462dbe24,chr6,DEL,regulatory,regulatory,0,3547.0,-3547.0,0.00215983,3.549861188471943,,0,0.1007921
hprcv2_chr13_113514427_DEL_7a0b3564b1bb,chr13,DEL,splice,coding,1,218.0,-218.0,0.220302,2.3384564936046046,,0,0.06772736
hprcv2_chr7_100336302_INS_ae53664faa10,chr7,INS,splice,coding,1,71.0,71.0,0.004329,1.8512583487190752,,1,0.025642455
hprcv2_chr1_207538107_DEL_dcddea744bab,chr1,DEL,cds,coding,1,18541.0,-18541.0,0.00863931,4.268133153906103,,0,0.37047094
hprcv2_chr12_2939749_INS_6c0c926aed55,chr12,INS,utr,noncoding_genic,0,110.0,110.0,0.00215983,2.041392685158225,,1,0.02573587
hprcv2_chr17_83103672_INS_2c64611b65da,chr17,INS,regulatory,regulatory,0,346.0,346.0,0.00215983,2.5390760987927767,,1,0.09353947
hprcv2_chr17_21935222_DEL_d257b17a6c46,chr17,DEL,intergenic,intergenic,0,2258.0,-2258.0,0.00877193,3.353723937588949,,0,0.06513437
hprcv2_chr13_76411453_INS_df21d9b4fd9f,chr13,INS,regulatory,regulatory,0,51.0,51.0,0.0822511,1.7075701760979363,,1,0.027698874
hprcv2_chr6_168358301_DEL_fc0ca2c8a0df,chr6,DEL,intergenic,intergenic,0,110.0,-110.0,0.00863931,2.041392685158225,,0,0.0526678
hprcv2_chr13_112199435_INS_a2c63b43e90b,chr13,INS,exon_noncod,noncoding_genic,0,61.0,61.0,0.00647948,1.7853298350107671,,1,0.017566046
hprcv2_chr16_28834610_INS_c581872b4636,chr16,INS,cds,coding,1,50.0,50.0,0.00215983,1.6989700043360187,,1,0.021587314
hprcv2_chr8_12559492_DEL_87552086bf08,chr8,DEL,splice,coding,1,59073.0,-59073.0,0.0539957,4.77138902689912,,0,0.26900592
hprcv2_chr7_772585_INS_4d9058f439ae,chr7,INS,exon_noncod,noncoding_genic,0,248.0,248.0,0.00431965,2.3944516808262164,,1,0.09270838
hprcv2_chrX_52495931_INS_4b6fe1bea566,chrX,INS,cds,coding,1,12861.0,12861.0,0.00289855,4.109274738230295,,1,0.006497034
hprcv2_chr2_87417719_DEL_a08479de86e6,chr2,DEL,regulatory,regulatory,0,725.0,-725.0,0.0785714,2.8603380065709936,,0,0.0764657
hprcv2_chr1_207541636_DEL_1205a863d1cb,chr1,DEL,cds,coding,1,18558.0,-18558.0,0.0215983,4.268531170386822,,0,0.32061785
hprcv2_chr16_15407848_DEL_7b3cf1c82c19,chr16,DEL,cds,coding,1,1243.0,-1243.0,0.0021692,3.094471128641645,,0,0.17133363
hprcv2_chr15_21476060_DEL_e6ff07124db7,chr15,DEL,intergenic,intergenic,0,57.0,-57.0,0.00884956,1.7558748556724915,,0,0.04263636
hprcv2_chr1_152522729_DEL_610894a19f77,chr1,DEL,regulatory,regulatory,0,2632.0,-2632.0,0.00215983,3.4202858849419178,,0,0.13593777
hprcv2_chr13_86202808_DEL_d8afa16ecb09,chr13,DEL,splice,coding,1,66714.0,-66714.0,0.185745,4.824216980614331,,0,0.16288951
hprcv2_chr15_21408294_INS_ca990f1d0e75,chr15,INS,utr,noncoding_genic,0,67.0,67.0,0.00884956,1.8260748027008264,,1,0.040106528
hprcv2_chr1_118401431_DEL_b765aa39ccce,chr1,DEL,intergenic,intergenic,0,83.0,-83.0,0.00863931,1.919078092376074,,0,0.03950516
hprcv2_chr1_144912237_DEL_185089dad5aa,chr1,DEL,cds,coding,1,3225.0,-3225.0,0.00218341,3.5085297189712867,,0,0.074631
hprcv2_chr1_224704069_INS_437efe94e511,chr1,INS,exon_noncod,noncoding_genic,0,77.0,77.0,0.0151188,1.8864907251724818,,1,0.024692198
hprcv2_chr4_127767751_INS_07c57761b516,chr4,INS,intronic,noncoding_genic,0,65.0,65.0,0.0215983,1.8129133566428555,,1,0.0348139
hprcv2_chr1_152215572_INS_609a752da68a,chr1,INS,cds,coding,1,1410.0,1410.0,0.00233645,3.1492191126553797,,1,0.119074
hprcv2_chrX_108844329_DEL_c86f9b0c36b9,chrX,DEL,intergenic,intergenic,0,65.0,-65.0,0.00288184,1.8129133566428555,,0,0.020630617
hprcv2_chr6_169970901_DEL_6309d9a48f40,chr6,DEL,regulatory,regulatory,0,142.0,-142.0,0.00215983,2.1522883443830563,,0,0.03075408
hprcv2_chr7_157411163_DEL_c28c1676a680,chr7,DEL,utr,noncoding_genic,0,75.0,-75.0,0.231102,1.8750612633917,,0,0.027515644
hprcv2_chr9_133252413_DEL_f056bcafe82a,chr9,DEL,cds,coding,1,5817.0,-5817.0,0.00431965,3.7646990637983677,,0,0.1310479
hprcv2_chr12_34203017_DEL_7ff801cc6312,chr12,DEL,splice,coding,1,5500.0,-5500.0,0.0368764,3.7403626894942437,,0,0.17259651
hprcv2_chrX_3995750_DEL_4c9d1d1eed59,chrX,DEL,intergenic,intergenic,0,478.0,-478.0,0.0317919,2.6794278966121188,,0,0.11790125
hprcv2_chr10_132448753_INS_bae8b5dff2a5,chr10,INS,exon_noncod,noncoding_genic,0,122.0,122.0,0.00647948,2.0863598306747484,,1,0.033178262
hprcv2_chr7_101038670_DEL_c0b16d1043cf,chr7,DEL,cds,coding,1,2124.0,-2124.0,0.0021645,3.3271545124094315,,0,0.08523458
hprcv2_chrX_84318145_INS_39d4c4d49abc,chrX,INS,utr,noncoding_genic,0,1418.0,1418.0,0.00288184,3.151676230847048,,1,0.07982301
hprcv2_chr3_195784559_INS_c64ed71bdcbd,chr3,INS,cds,coding,1,144.0,144.0,0.00819672,2.1583624920952498,,1,0.017900169
hprcv2_chr7_155615246_DEL_8386cb0500d4,chr7,DEL,intronic,noncoding_genic,0,264.0,-264.0,0.00215983,2.4216039268698313,,0,0.06351589
hprcv2_chr10_29182941_INS_482438c6f04f,chr10,INS,intergenic,intergenic,0,60.0,60.0,0.00647948,1.7781512503836436,,1,0.01729697
hprcv2_chr9_133760169_DEL_d8fd93057aab,chr9,DEL,regulatory,regulatory,0,57.0,-57.0,0.0021645,1.7558748556724915,,0,0.014463429
hprcv2_chr7_110502_DEL_d7152a6005ec,chr7,DEL,intergenic,intergenic,0,98.0,-98.0,0.215983,1.9912260756924949,,0,0.02070017
hprcv2_chr6_32254932_DEL_558007e1fece,chr6,DEL,splice,coding,1,257.0,-257.0,0.00215983,2.4099331233312946,,0,0.06302048
hprcv2_chr22_44115300_DEL_0b2438336d13,chr22,DEL,exon_noncod,noncoding_genic,0,115.0,-115.0,0.0107991,2.060697840353612,,0,0.028271154
hprcv2_chr9_136252046_DEL_617a9c1fc2c7,chr9,DEL,utr,noncoding_genic,0,222.0,-222.0,0.00215983,2.346352974450639,,0,0.050878968
hprcv2_chr11_113947566_INS_8fbf4f807e41,chr11,INS,utr,noncoding_genic,0,363.0,363.0,0.00215983,2.5599066250361124,,1,0.07004969
hprcv2_chrY_10417879_INS_2792663776c1,chrY,INS,intergenic,intergenic,0,171.0,171.0,0.0263158,2.2329961103921536,,1,0.055200256
hprcv2_chr11_7929733_INS_21ed8d57df4d,chr11,INS,utr,noncoding_genic,0,90.0,90.0,0.00215983,1.954242509439325,,1,0.03888276
hprcv2_chr12_25494301_DEL_6aeadfe37e28,chr12,DEL,splice,coding,1,7577.0,-7577.0,0.00215983,3.8794972872494284,,0,0.10731084
hprcv2_chr15_21388101_INS_449d968474a0,chr15,INS,intergenic,intergenic,0,54.0,54.0,0.00884956,1.7323937598229686,,1,0.036452517
hprcv2_chr16_30224598_DEL_b60b81960948,chr16,DEL,cds,coding,1,107.0,-107.0,0.0283224,2.0293837776852097,,0,0.02828586
hprcv2_chr14_19383617_DEL_80e02fa95aa9,chr14,DEL,exon_noncod,noncoding_genic,0,640.0,-640.0,0.0,2.806179973983887,,0,0.073217034
hprcv2_chr12_50352908_DEL_2086ed02418a,chr12,DEL,cds,coding,1,72.0,-72.0,0.00215983,1.8573324964312685,,0,0.016531477
hprcv2_chr19_52708256_DEL_40f97a3b2590,chr19,DEL,cds,coding,1,31929.0,-31929.0,0.00215983,4.504185316870708,,0,0.17201544
hprcv2_chr15_21712209_DEL_fa6b1eea03ca,chr15,DEL,intergenic,intergenic,0,51.0,-51.0,0.00892857,1.7075701760979363,,0,0.015433294
hprcv2_chr11_65498218_INS_d3cda4ff14b4,chr11,INS,exon_noncod,noncoding_genic,0,361.0,361.0,0.00215983,2.5575072019056577,,1,0.05829529
hprcv2_chr19_6427079_DEL_65fcfafbe0f2,chr19,DEL,cds,coding,1,130.0,-130.0,0.00215983,2.113943352306837,,0,0.04368668
hprcv2_chr7_41038865_DEL_81abe2fc742e,chr7,DEL,intergenic,intergenic,0,58.0,-58.0,0.00215983,1.7634279935629373,,0,0.018170226
hprcv2_chr19_1051187_DEL_4998ee2c6136,chr19,DEL,cds,coding,1,60.0,-60.0,0.00222222,1.7781512503836436,,0,0.026899125
hprcv2_chr6_168990887_DEL_9bf001aade35,chr6,DEL,regulatory,regulatory,0,72.0,-72.0,0.218143,1.8573324964312685,,0,0.022148844
hprcv2_chr18_75714247_DEL_abef45b7e053,chr18,DEL,intergenic,intergenic,0,119.0,-119.0,0.00215983,2.0755469613925306,,0,0.044912726
hprcv2_chr4_158893626_INS_bcf3ccd2cab5,chr4,INS,utr,noncoding_genic,0,376.0,376.0,0.00215983,2.575187844927661,,1,0.08066478
hprcv2_chr2_214726966_DEL_a1e2d2ec9cfc,chr2,DEL,utr,noncoding_genic,0,61.0,-61.0,0.0345572,1.7853298350107671,,0,0.017458666
hprcv2_chr8_15555986_DEL_f5a87ac5b0e0,chr8,DEL,splice,coding,1,20307.0,-20307.0,0.00431965,4.307645768816921,,0,0.14360303
hprcv2_chr13_51775803_DEL_d4eedb59ebbd,chr13,DEL,intronic,noncoding_genic,0,62.0,-62.0,0.153348,1.792391689498254,,0,0.022317568
hprcv2_chr11_90065913_DEL_98b755f08df9,chr11,DEL,splice,coding,1,11479.0,-11479.0,0.0604752,4.059904055884405,,0,0.14745702
hprcv2_chr16_18222721_DEL_0bc9298006c3,chr16,DEL,intergenic,intergenic,0,225.0,-225.0,0.00959233,2.3521825181113627,,0,0.05499023
hprcv2_chr20_62278490_DEL_39b3dd2c03d7,chr20,DEL,exon_noncod,noncoding_genic,0,90.0,-90.0,0.170626,1.954242509439325,,0,0.025858346
hprcv2_chrY_23240544_DEL_e14869082c7f,chrY,DEL,cds,coding,1,11936.0,-11936.0,0.0144928,4.076858810128593,,0,0.23287065
hprcv2_chr20_38321888_DEL_c6bd6b957cec,chr20,DEL,intronic,noncoding_genic,0,96.0,-96.0,0.00215983,1.9822712330395684,,0,0.025367972
hprcv2_chrY_24845143_DEL_3389a3780ca1,chrY,DEL,cds,coding,1,10875.0,-10875.0,0.425926,4.036429265626675,,0,0.17550828
hprcv2_chr11_97947230_DEL_11d547763e0e,chr11,DEL,splice,coding,1,60125.0,-60125.0,0.00431965,4.779055089381888,,0,0.10278204
hprcv2_chr2_44631715_INS_4891123e8faf,chr2,INS,splice,coding,1,122.0,122.0,0.00215983,2.0863598306747484,,1,0.052666582
hprcv2_chr9_137354338_DEL_1fdc54f213fb,chr9,DEL,cds,coding,1,95.0,-95.0,0.0021692,1.9777236052888478,,0,0.046326805
hprcv2_chrX_16764509_INS_eefb9aebdf4a,chrX,INS,utr,noncoding_genic,0,135.0,135.0,0.00288184,2.130333768495006,,1,0.03322399
hprcv2_chr3_37309263_DEL_a127a8728089,chr3,DEL,intronic,noncoding_genic,0,141.0,-141.0,0.00215983,2.1492191126553797,,0,0.033680487
hprcv2_chr19_53348359_DEL_7c10f04b9d53,chr19,DEL,cds,coding,1,6827.0,-6827.0,0.00215983,3.8342299028516775,,0,0.08312662
hprcv2_chr7_131925577_DEL_f37f072768cd,chr7,DEL,splice,coding,1,4177.0,-4177.0,0.00215983,3.620864475265121,,0,0.13485561
hprcv2_chr4_60205217_DEL_7c2e4c75f780,chr4,DEL,regulatory,regulatory,0,8094.0,-8094.0,0.00215983,3.9081632000555477,,0,0.14904734
hprcv2_chr1_1427958_INS_251f5a67db52,chr1,INS,utr,noncoding_genic,0,250.0,250.0,0.00222222,2.3979400086720375,,1,0.093738176
hprcv2_chr1_226363846_INS_0c6c9d625bbf,chr1,INS,exon_noncod,noncoding_genic,0,79.0,79.0,0.00215983,1.8976270912904414,,1,0.032996614
hprcv2_chr2_87364798_INS_8ec9503d59b1,chr2,INS,regulatory,regulatory,0,1519.0,1519.0,0.00230947,3.1815577738627865,,1,0.14803681
hprcv2_chr22_50799728_DEL_02d1490f7289,chr22,DEL,exon_noncod,noncoding_genic,0,93.0,-93.0,0.0637363,1.968482948553935,,0,0.01966807
hprcv2_chr7_92914014_DEL_36fba62f7d86,chr7,DEL,splice,coding,1,11786.0,-11786.0,0.00215983,4.0713664367591305,,0,0.108275585
hprcv2_chr20_14700031_INS_f8cc6f14e28d,chr20,INS,intronic,noncoding_genic,0,81.0,81.0,0.00215983,1.9084850188786497,,1,0.022224776
hprcv2_chr5_14687825_INS_b4ee4a150584,chr5,INS,exon_noncod,noncoding_genic,0,330.0,330.0,0.00215983,2.5185139398778875,,1,0.080184214
hprcv2_chr12_132730334_DEL_34d216daf7c4,chr12,DEL,utr,noncoding_genic,0,63.0,-63.0,0.343413,1.7993405494535817,,0,0.02093639
hprcv2_chr18_79550597_INS_7b1a5f829e39,chr18,INS,intergenic,intergenic,0,54.0,54.0,0.00215983,1.7323937598229686,,1,0.030910188
hprcv2_chr22_44114295_INS_1f24da5e83ba,chr22,INS,exon_noncod,noncoding_genic,0,612.0,612.0,0.00215983,2.7867514221455614,,1,0.12737109
hprcv2_chr1_6467967_INS_e0ce705ff724,chr1,INS,cds,coding,1,62.0,62.0,0.00215983,1.792391689498254,,1,0.02587905
hprcv2_chr6_168742932_DEL_0da75c62d3f5,chr6,DEL,intergenic,intergenic,0,230.0,-230.0,0.265659,2.361727836017593,,0,0.07264861
hprcv2_chr18_68477963_INS_cafe236a311a,chr18,INS,intronic,noncoding_genic,0,50.0,50.0,0.0151188,1.6989700043360187,,1,0.021059047
hprcv2_chr5_99205315_DEL_1391888675e1,chr5,DEL,intergenic,intergenic,0,88.0,-88.0,0.00647948,1.9444826721501687,,0,0.016017122
hprcv2_chr15_23440085_DEL_5ca579f479be,chr15,DEL,cds,coding,1,1111.0,-1111.0,0.012987,3.0457140589408676,,0,0.17773996
hprcv2_chr5_74776748_DEL_07327d7b3904,chr5,DEL,splice,coding,1,856.0,-856.0,0.00215983,2.932473764677153,,0,0.12496671
hprcv2_chr10_36016719_INS_e079934060f5,chr10,INS,intergenic,intergenic,0,5279.0,5279.0,0.00215983,3.7225516620009587,,1,0.10864341
hprcv2_chr5_141415590_DEL_55304373b86d,chr5,DEL,cds,coding,1,97.0,-97.0,0.00215983,1.9867717342662448,,0,0.18008165
hprcv2_chr15_21335513_DEL_4dc7f24e0f9b,chr15,DEL,intronic,noncoding_genic,0,115.0,-115.0,0.00884956,2.060697840353612,,0,0.022974107
hprcv2_chr6_67432457_DEL_3c1a32b94272,chr6,DEL,regulatory,regulatory,0,129.0,-129.0,0.00863931,2.110589710299249,,0,0.039326053
hprcv2_chr12_52405814_DEL_dcae043b2692,chr12,DEL,cds,coding,1,60.0,-60.0,0.00215983,1.7781512503836436,,0,0.084181584
hprcv2_chr5_711067_DEL_9b3924a137bc,chr5,DEL,utr,noncoding_genic,0,109.0,-109.0,0.0021692,2.037426497940624,,0,0.02333086
hprcv2_chr19_20529783_DEL_6b7c2a0c1ae2,chr19,DEL,intronic,noncoding_genic,0,51.0,-51.0,0.00228833,1.7075701760979363,,0,0.015664207
hprcv2_chr16_50317296_INS_860d34205500,chr16,INS,utr,noncoding_genic,0,61.0,61.0,0.00431965,1.7853298350107671,,1,0.026340807
hprcv2_chr4_39582392_DEL_acc6472c5a53,chr4,DEL,splice,coding,1,5282.0,-5282.0,0.00431965,3.722798396870905,,0,0.073097795
hprcv2_chr15_21422142_INS_6e1699ce681a,chr15,INS,cds,coding,1,55.0,55.0,0.00884956,1.7403626894942439,,1,0.043184202
hprcv2_chr7_100311107_DEL_35866e2e2397,chr7,DEL,cds,coding,1,1389.0,-1389.0,0.0021692,3.1427022457376155,,0,0.101721264
hprcv2_chr16_89544950_DEL_97a7266a4dd5,chr16,DEL,utr,noncoding_genic,0,61.0,-61.0,0.0021645,1.7853298350107671,,0,0.019473689
hprcv2_chrX_94145915_DEL_ff9e9b82f765,chrX,DEL,intergenic,intergenic,0,3807.0,-3807.0,0.0576369,3.580582876814367,,0,0.08545898
hprcv2_chr11_1686731_DEL_59c649f4262d,chr11,DEL,regulatory,regulatory,0,69.0,-69.0,0.0107991,1.8388490907372552,,0,0.02938765
hprcv2_chr10_79683184_DEL_34b819ace148,chr10,DEL,exon_noncod,noncoding_genic,0,419.0,-419.0,0.00215983,2.622214022966295,,0,0.10201803
hprcv2_chr19_54134304_INS_380f180eb451,chr19,INS,regulatory,regulatory,0,356.0,356.0,0.0022779,2.5514499979728753,,1,0.15013207
hprcv2_chr19_2715636_DEL_1cd459751ced,chr19,DEL,utr,noncoding_genic,0,197.0,-197.0,0.00215983,2.294466226161593,,0,0.031451453
hprcv2_chr17_7028436_INS_35039691f410,chr17,INS,utr,noncoding_genic,0,52.0,52.0,0.848485,1.7160033436347992,,1,0.019927427
hprcv2_chr17_51150779_DEL_d4635d606a1d,chr17,DEL,cds,coding,1,6798.0,-6798.0,0.00215983,3.832381160247041,,0,0.10302441
hprcv2_chr13_98446401_INS_1af4f7781a30,chr13,INS,utr,noncoding_genic,0,74.0,74.0,0.00215983,1.8692317197309762,,1,0.026840614
hprcv2_chr19_7037800_INS_4f08c9b4f180,chr19,INS,utr,noncoding_genic,0,57.0,57.0,0.00219298,1.7558748556724915,,1,0.02025213
hprcv2_chr11_64271215_DEL_fa79036479e9,chr11,DEL,intronic,noncoding_genic,0,81.0,-81.0,0.00863931,1.9084850188786497,,0,0.02422577
hprcv2_chr15_24683193_INS_d071b1dda637,chr15,INS,utr,noncoding_genic,0,261.0,261.0,0.00215983,2.416640507338281,,1,0.053328108
hprcv2_chr12_52679965_DEL_c6de7233d79e,chr12,DEL,cds,coding,1,60.0,-60.0,0.00215983,1.7781512503836436,,0,0.015642576
hprcv2_chr6_52407416_DEL_93669a05c304,chr6,DEL,utr,noncoding_genic,0,174.0,-174.0,0.00215983,2.2405492482826,,0,0.032088265
hprcv2_chr1_211302122_INS_36647d89309e,chr1,INS,exon_noncod,noncoding_genic,0,102.0,102.0,0.00215983,2.0086001717619175,,1,0.045112614
hprcv2_chr15_28522680_DEL_c054748043a4,chr15,DEL,cds,coding,1,636.0,-636.0,0.00217865,2.803457115648414,,0,0.08029419
hprcv2_chr19_24061210_INS_8ee420d18c9a,chr19,INS,splice,coding,1,6300.0,6300.0,0.00431965,3.7993405494535817,,1,0.22018775
hprcv2_chr9_68322488_DEL_a471ce537f9b,chr9,DEL,exon_noncod,noncoding_genic,0,78.0,-78.0,0.00431965,1.8920946026904804,,0,0.023743387
hprcv2_chr17_18388028_INS_955076d92274,chr17,INS,exon_noncod,noncoding_genic,0,86.0,86.0,0.00215983,1.9344984512435677,,1,0.033274636
hprcv2_chr2_118015302_INS_7628421eb77e,chr2,INS,exon_noncod,noncoding_genic,0,56.0,56.0,0.00215983,1.7481880270062005,,1,0.024488019
hprcv2_chr16_88279684_DEL_db1e866b65b1,chr16,DEL,intronic,noncoding_genic,0,110.0,-110.0,0.00647948,2.041392685158225,,0,0.009601759
hprcv2_chr17_510212_INS_e52672d5598f,chr17,INS,utr,noncoding_genic,0,66.0,66.0,0.0410367,1.8195439355418688,,1,0.01699485
hprcv2_chr18_76510488_INS_38b31c1a98aa,chr18,INS,regulatory,regulatory,0,283.0,283.0,0.00431965,2.45178643552429,,1,0.05088371
hprcv2_chr3_186786760_INS_02ba79c6a6a1,chr3,INS,exon_noncod,noncoding_genic,0,134.0,134.0,0.0237581,2.1271047983648077,,1,0.05183176
hprcv2_chr5_122801062_DEL_17acc068b5b5,chr5,DEL,intronic,noncoding_genic,0,169.0,-169.0,0.00215983,2.2278867046136734,,0,0.035027135
hprcv2_chr21_44829150_INS_b79efd85b1c3,chr21,INS,regulatory,regulatory,0,132.0,132.0,0.00215983,2.12057393120585,,1,0.0653527
hprcv2_chr15_101763401_INS_c9f3f2c8a095,chr15,INS,exon_noncod,noncoding_genic,0,338.0,338.0,0.00265252,2.5289167002776547,,1,0.037450552
hprcv2_chr15_22613633_INS_dc1b2e1ddcbc,chr15,INS,exon_noncod,noncoding_genic,0,69.0,69.0,0.0021645,1.8388490907372552,,1,0.014196884
hprcv2_chr7_57490794_DEL_ec64e87eb5c5,chr7,DEL,intergenic,intergenic,0,231.0,-231.0,1.0,2.3636119798921444,,0,0.021398695
hprcv2_chr18_50449591_INS_1921942b7556,chr18,INS,regulatory,regulatory,0,7194.0,7194.0,0.00215983,3.856970433482492,,1,0.16577183
hprcv2_chr11_61258305_INS_4adc052562dd,chr11,INS,utr,noncoding_genic,0,110.0,110.0,0.00215983,2.041392685158225,,1,0.042611595
hprcv2_chr15_21543997_INS_899a165bcaa0,chr15,INS,exon_noncod,noncoding_genic,0,80.0,80.0,0.00892857,1.9030899869919435,,1,0.04181538
hprcv2_chr4_28424640_DEL_142518385499,chr4,DEL,intergenic,intergenic,0,59.0,-59.0,0.00215983,1.7708520116421442,,0,0.022591775
hprcv2_chr3_58163939_DEL_d90d1627520d,chr3,DEL,splice,coding,1,832.0,-832.0,0.00215983,2.920123326290724,,0,0.13530551
hprcv2_chr20_62947127_INS_e90eef488f36,chr20,INS,utr,noncoding_genic,0,83.0,83.0,0.00215983,1.919078092376074,,1,0.027473858
hprcv2_chr20_29285610_DEL_b12a9474e247,chr20,DEL,intergenic,intergenic,0,288.0,-288.0,0.00239808,2.459392487759231,,0,0.05388983
hprcv2_chr5_19379299_DEL_4fce759e609d,chr5,DEL,regulatory,regulatory,0,242.0,-242.0,0.00215983,2.383815365980431,,0,0.068897344
hprcv2_chr2_4604040_DEL_62ba5a6ab715,chr2,DEL,intronic,noncoding_genic,0,2315.0,-2315.0,0.0215983,3.364550995353972,,0,0.07573463
hprcv2_chr5_436200_INS_bef3492ebb30,chr5,INS,utr,noncoding_genic,0,92.0,92.0,0.00215983,1.9637878273455553,,1,0.03288766
hprcv2_chr3_172318785_DEL_e473271e3ae9,chr3,DEL,intronic,noncoding_genic,0,1356.0,-1356.0,0.00215983,3.1322596895310446,,0,0.11808883
hprcv2_chr17_22123518_DEL_13bad20aa2c5,chr17,DEL,splice,coding,1,74088.0,-74088.0,0.00217391,4.8697478711937014,,0,0.16202976
hprcv2_chr2_208804304_DEL_0071238000e8,chr2,DEL,splice,coding,1,10848.0,-10848.0,0.00215983,4.035349676522988,,0,0.13139173
hprcv2_chr10_39482095_DEL_b3ab66337986,chr10,DEL,intergenic,intergenic,0,223.0,-223.0,0.00219298,2.3483048630481607,,0,0.07047227
hprcv2_chr8_2209364_INS_710765d548be,chr8,INS,regulatory,regulatory,0,168.0,168.0,0.00240964,2.225309281725863,,1,0.049824707
hprcv2_chr1_213151930_DEL_ff112adec4fd,chr1,DEL,intronic,noncoding_genic,0,127.0,-127.0,0.0107991,2.103803720955957,,0,0.04042037
hprcv2_chrX_52496148_INS_dfac1a7e7ed4,chrX,INS,cds,coding,1,12884.0,12884.0,0.00289855,4.110050716147653,,1,0.0076604765
hprcv2_chr3_195781570_DEL_150c7ab9380e,chr3,DEL,cds,coding,1,96.0,-96.0,0.0163934,1.9822712330395684,,0,0.02108262
hprcv2_chr1_241958486_INS_8befec08c46f,chr1,INS,cds,coding,1,14570.0,14570.0,0.00215983,4.16345955176999,,1,0.32096314
hprcv2_chrX_87859759_DEL_5e86a93d514b,chrX,DEL,regulatory,regulatory,0,8891.0,-8891.0,0.00288184,3.9489506102455483,,0,0.112767145
hprcv2_chr15_21557012_INS_76aa6a2b071c,chr15,INS,exon_noncod,noncoding_genic,0,108.0,108.0,0.00884956,2.03342375548695,,1,0.05848403
hprcv2_chr7_55345590_DEL_a2f7f91301d2,chr7,DEL,regulatory,regulatory,0,56.0,-56.0,0.0021645,1.7481880270062005,,0,0.012765271
hprcv2_chr3_125715927_DEL_25ec17be08b6,chr3,DEL,regulatory,regulatory,0,80.0,-80.0,0.00863931,1.9030899869919435,,0,0.02101784
hprcv2_chr15_101764532_INS_976e0fc3ea44,chr15,INS,exon_noncod,noncoding_genic,0,458.0,458.0,0.0212202,2.660865478003869,,1,0.056127407
hprcv2_chr5_62809039_DEL_2e13d6fb34f1,chr5,DEL,intergenic,intergenic,0,249.0,-249.0,0.00215983,2.3961993470957363,,0,0.05700669
hprcv2_chr18_60467903_DEL_45970a9e14c0,chr18,DEL,splice,coding,1,15395.0,-15395.0,0.00215983,4.187379693239217,,0,0.11166042
hprcv2_chr21_32585499_DEL_e5f3b8938bbc,chr21,DEL,cds,coding,1,7773.0,-7773.0,0.00215983,3.890588667705487,,0,0.081612326
hprcv2_chr19_35511459_DEL_ef950ddc774c,chr19,DEL,cds,coding,1,51.0,-51.0,0.235421,1.7075701760979363,,0,0.011693519
hprcv2_chr11_126292525_DEL_127fd7f0d9ee,chr11,DEL,cds,coding,1,61.0,-61.0,0.00215983,1.7853298350107671,,0,0.03037403
hprcv2_chr3_195779204_DEL_c1f06b3d4525,chr3,DEL,cds,coding,1,2016.0,-2016.0,0.00819672,3.3044905277734875,,0,0.10594313
hprcv2_chr6_139281847_DEL_191b1956815e,chr6,DEL,splice,coding,1,4233.0,-4233.0,0.177106,3.6266482684740105,,0,0.19923218
hprcv2_chr14_105049443_DEL_c169a0c6108e,chr14,DEL,utr,noncoding_genic,0,60.0,-60.0,0.00215983,1.7781512503836436,,0,0.018344745
hprcv2_chr15_82445045_DEL_06b2f9da5fdb,chr15,DEL,intergenic,intergenic,0,65.0,-65.0,0.0021692,1.8129133566428555,,0,0.033213336
hprcv2_chr2_110569697_DEL_1e75230c1f00,chr2,DEL,cds,coding,1,64.0,-64.0,0.00215983,1.806179973983887,,0,0.0565892
hprcv2_chr4_271026_DEL_c5e39aa54d57,chr4,DEL,cds,coding,1,84.0,-84.0,0.0021645,1.9242792860618816,,0,0.018986179
hprcv2_chr10_39238949_DEL_f7d08bd9e27d,chr10,DEL,intergenic,intergenic,0,169.0,-169.0,0.00215983,2.2278867046136734,,0,0.08889841
hprcv2_chr9_135162744_DEL_15518e25e734,chr9,DEL,regulatory,regulatory,0,67.0,-67.0,0.00215983,1.8260748027008264,,0,0.0189225
hprcv2_chr11_71459054_INS_18a84fcb5d8e,chr11,INS,splice,coding,1,404.0,404.0,0.00647948,2.606381365110605,,1,0.115480684
hprcv2_chr9_40111119_DEL_935633c44ace,chr9,DEL,regulatory,regulatory,0,212.0,-212.0,0.0,2.326335860928751,,0,0.019838644
hprcv2_chr1_177700908_INS_1121ad524fdc,chr1,INS,exon_noncod,noncoding_genic,0,272.0,272.0,0.00215983,2.4345689040341987,,1,0.06588174
hprcv2_chr2_96482023_DEL_ee537f6ec74a,chr2,DEL,intergenic,intergenic,0,87.0,-87.0,0.00215983,1.9395192526186185,,0,0.03302785
hprcv2_chr1_228178447_INS_fb1f54b0ed3f,chr1,INS,utr,noncoding_genic,0,128.0,128.0,0.00215983,2.1072099696478683,,1,0.041827705
hprcv2_chr8_125324555_DEL_6f77f8d6a335,chr8,DEL,intronic,noncoding_genic,0,317.0,-317.0,0.384449,2.5010592622177517,,0,0.059591193
hprcv2_chr22_23581393_INS_4a662973a106,chr22,INS,splice,coding,1,73.0,73.0,0.0021645,1.863322860120456,,1,0.070347354
hprcv2_chr4_14374506_DEL_ecd942e2a926,chr4,DEL,intronic,noncoding_genic,0,230.0,-230.0,0.00431965,2.361727836017593,,0,0.055936836
hprcv2_chr13_34540923_DEL_d8bd33bd88fd,chr13,DEL,intronic,noncoding_genic,0,78.0,-78.0,0.0259179,1.8920946026904804,,0,0.01735067
hprcv2_chr5_176290452_INS_6c72972617ef,chr5,INS,cds,coding,1,81.0,81.0,0.0021645,1.9084850188786497,,1,0.018394154
hprcv2_chr1_1244745_DEL_303c8aa7c408,chr1,DEL,intronic,noncoding_genic,0,89.0,-89.0,0.038961,1.9493900066449128,,0,0.031464208
hprcv2_chr22_47370590_INS_985beb51af3f,chr22,INS,exon_noncod,noncoding_genic,0,98.0,98.0,0.00215983,1.9912260756924949,,1,0.027187353
hprcv2_chr1_36571481_DEL_7ded423b05d5,chr1,DEL,regulatory,regulatory,0,63.0,-63.0,0.012959,1.7993405494535817,,0,0.017981872
hprcv2_chr13_104781141_INS_e55902db4b9b,chr13,INS,regulatory,regulatory,0,68.0,68.0,0.00215983,1.8325089127062364,,1,0.019685622
hprcv2_chr15_84240547_INS_d96e42c069ad,chr15,INS,cds,coding,1,86.0,86.0,0.00218818,1.9344984512435677,,1,0.017276157
hprcv2_chr19_7033127_DEL_4d880d8a94f4,chr19,DEL,cds,coding,1,18733.0,-18733.0,0.00219298,4.272607333120826,,0,0.25178492
hprcv2_chr7_107613649_DEL_1379c99f994c,chr7,DEL,cds,coding,1,50.0,-50.0,0.00863931,1.6989700043360187,,0,0.025464708
hprcv2_chr11_1097774_INS_d359dac1f740,chr11,INS,exon_noncod,noncoding_genic,0,69.0,69.0,0.00215983,1.8388490907372552,,1,0.025837809
hprcv2_chr19_16080108_INS_8d26f5e6094f,chr19,INS,utr,noncoding_genic,0,120.0,120.0,0.00215983,2.0791812460476247,,1,0.04253226
hprcv2_chr19_19792837_INS_1d041c84947a,chr19,INS,utr,noncoding_genic,0,340.0,340.0,0.00215983,2.531478917042255,,1,0.044696074
hprcv2_chr15_21392697_DEL_a63e6b04cc39,chr15,DEL,intergenic,intergenic,0,67.0,-67.0,0.00884956,1.8260748027008264,,0,0.03580605
hprcv2_chr7_99605389_DEL_ff7a9a9ac908,chr7,DEL,exon_noncod,noncoding_genic,0,162.0,-162.0,0.15368,2.2095150145426308,,0,0.041398667
hprcv2_chr1_225964535_DEL_bff27ccde8d7,chr1,DEL,intergenic,intergenic,0,150.0,-150.0,0.00215983,2.1760912590556813,,0,0.061731465
hprcv2_chr9_29031_DEL_4618dd5ee81d,chr9,DEL,splice,coding,1,2094.0,-2094.0,0.00433839,3.3209766773428235,,0,0.10035161
hprcv2_chr22_41326337_INS_80746ca5a38c,chr22,INS,intronic,noncoding_genic,0,52.0,52.0,0.181425,1.7160033436347992,,1,0.01607572
hprcv2_chr12_14169566_DEL_170997e29cd5,chr12,DEL,regulatory,regulatory,0,161.0,-161.0,0.00215983,2.2068258760318495,,0,0.047134276
hprcv2_chr2_73448192_DEL_e3dd6f82fe23,chr2,DEL,cds,coding,1,93.0,-93.0,0.00215983,1.968482948553935,,0,0.03713354
hprcv2_chr13_72668326_INS_f783b46d6f81,chr13,INS,regulatory,regulatory,0,52.0,52.0,0.0107991,1.7160033436347992,,1,0.01962918
hprcv2_chr7_152647362_INS_c49ea217f415,chr7,INS,utr,noncoding_genic,0,87.0,87.0,0.0151515,1.9395192526186185,,1,0.027263092
hprcv2_chr6_53878970_DEL_5f693de86fba,chr6,DEL,cds,coding,1,54.0,-54.0,0.00215983,1.7323937598229686,,0,0.13656889
hprcv2_chr16_22534711_DEL_954dae58d1cb,chr16,DEL,cds,coding,1,104.0,-104.0,0.282407,2.0170333392987803,,0,0.040988177
hprcv2_chr8_24070535_DEL_8f18830a1954,chr8,DEL,regulatory,regulatory,0,3900.0,-3900.0,0.00215983,3.591064607026499,,0,0.09382294
hprcv2_chr11_111353915_DEL_0e3d9b596a3a,chr11,DEL,utr,noncoding_genic,0,57.0,-57.0,0.062635,1.7558748556724915,,0,0.025283603
hprcv2_chr18_74015184_DEL_86e827c924e4,chr18,DEL,intronic,noncoding_genic,0,71.0,-71.0,0.00215983,1.8512583487190752,,0,0.020817555
hprcv2_chr1_218599084_INS_611a6727be90,chr1,INS,intergenic,intergenic,0,122.0,122.0,0.00215983,2.0863598306747484,,1,0.045580372
hprcv2_chr7_56822914_INS_4ba0ffd8394a,chr7,INS,exon_noncod,noncoding_genic,0,1168.0,1168.0,0.00714286,3.0674428427763805,,1,0.12450548
hprcv2_chr20_62319786_INS_c8d73edbc82c,chr20,INS,cds,coding,1,117.0,117.0,0.00217391,2.0681858617461617,,1,0.042676713
hprcv2_chr2_159444258_INS_e602f45906e7,chr2,INS,exon_noncod,noncoding_genic,0,93.0,93.0,0.00215983,1.968482948553935,,1,0.04184263
hprcv2_chr1_1427797_INS_2eca76c64146,chr1,INS,utr,noncoding_genic,0,596.0,596.0,0.00222222,2.7752462597402365,,1,0.15504995
hprcv2_chr18_80263064_INS_766baa86f4de,chr18,INS,regulatory,regulatory,0,353.0,353.0,0.00229885,2.5477747053878224,,1,0.15554193
hprcv2_chr2_68450688_DEL_dc9607439e6a,chr2,DEL,intergenic,intergenic,0,66.0,-66.0,0.0368764,1.8195439355418688,,0,0.015316637
hprcv2_chr1_39654873_DEL_408485d2934b,chr1,DEL,utr,noncoding_genic,0,55.0,-55.0,0.00215983,1.7403626894942439,,0,0.024591587
hprcv2_chr19_7030574_INS_0a493ba4528a,chr19,INS,splice,coding,1,18375.0,18375.0,0.00219298,4.264227347756233,,1,0.34823534
hprcv2_chr7_103441_INS_530b9d8a7464,chr7,INS,intergenic,intergenic,0,127.0,127.0,0.00215983,2.103803720955957,,1,0.052432097
hprcv2_chr19_56502055_INS_b8724441a8fc,chr19,INS,exon_noncod,noncoding_genic,0,308.0,308.0,0.00215983,2.4885507165004443,,1,0.05577477
hprcv2_chr8_103086006_INS_2599f31a1a31,chr8,INS,exon_noncod,noncoding_genic,0,356.0,356.0,0.00215983,2.5514499979728753,,1,0.06424151
hprcv2_chr19_4512934_INS_c93ac98c4a0f,chr19,INS,cds,coding,1,99.0,99.0,0.00431965,1.99563519459755,,1,0.016330559
hprcv2_chr21_30028240_INS_d81a148b8260,chr21,INS,regulatory,regulatory,0,168.0,168.0,0.0367171,2.225309281725863,,1,0.09593247
hprcv2_chr14_104729872_INS_f3008318380f,chr14,INS,utr,noncoding_genic,0,51.0,51.0,0.00215983,1.7075701760979363,,1,0.02667525
hprcv2_chr1_24643246_INS_55cc26119bab,chr1,INS,utr,noncoding_genic,0,117.0,117.0,0.00215983,2.0681858617461617,,1,0.065892085
hprcv2_chr7_56305289_INS_674acba61f02,chr7,INS,exon_noncod,noncoding_genic,0,2712.0,2712.0,0.00215983,3.433289685195026,,1,0.16286944
hprcv2_chr11_64237789_INS_781beec45e03,chr11,INS,splice,coding,1,64.0,64.0,0.00215983,1.806179973983887,,1,0.025750034
hprcv2_chr17_6193968_INS_63a90f6a027d,chr17,INS,intergenic,intergenic,0,162.0,162.0,0.00215983,2.2095150145426308,,1,0.042854782
hprcv2_chr3_96588699_DEL_ac8457201132,chr3,DEL,regulatory,regulatory,0,19615.0,-19615.0,0.00215983,4.292588312465555,,0,0.14171399
hprcv2_chr4_56673798_DEL_0c6987cbe1a0,chr4,DEL,splice,coding,1,4741.0,-4741.0,0.0215983,3.6758699553189564,,0,0.05835014
hprcv2_chr21_42111162_INS_832fa7248845,chr21,INS,cds,coding,1,120.0,120.0,0.00215983,2.0791812460476247,,1,0.02779408
hprcv2_chr15_21373206_INS_4dedd84a4354,chr15,INS,exon_noncod,noncoding_genic,0,67.0,67.0,0.00884956,1.8260748027008264,,1,0.049434662
hprcv2_chr3_195740605_DEL_870fe1724d00,chr3,DEL,cds,coding,1,665.0,-665.0,0.00302115,2.8228216453031045,,0,0.09113196
hprcv2_chr22_48916631_DEL_d63b478f38dd,chr22,DEL,intergenic,intergenic,0,129.0,-129.0,0.012959,2.110589710299249,,0,0.029448053
hprcv2_chr13_92239833_INS_35cb77a1dea7,chr13,INS,splice,coding,1,57.0,57.0,0.561555,1.7558748556724915,,1,0.031004997
hprcv2_chr2_9406213_INS_ed8ebe83f14b,chr2,INS,utr,noncoding_genic,0,56.0,56.0,0.00215983,1.7481880270062005,,1,0.02747693
hprcv2_chr15_82434234_INS_17d09875e0c2,chr15,INS,cds,coding,1,474.0,474.0,0.00241546,2.6757783416740852,,1,0.09056855
hprcv2_chr12_10777_INS_dfe19685ed12,chr12,INS,regulatory,regulatory,0,60.0,60.0,0.0021978,1.7781512503836436,,1,0.031355813
hprcv2_chr3_140490011_DEL_da9a121340bb,chr3,DEL,splice,coding,1,78.0,-78.0,0.0539957,1.8920946026904804,,0,0.030993976
hprcv2_chr8_139463015_DEL_b60f14f19276,chr8,DEL,splice,coding,1,332.0,-332.0,0.841991,2.5211380837040362,,0,0.06866149
hprcv2_chr2_129329703_DEL_4c64a5167576,chr2,DEL,regulatory,regulatory,0,138.0,-138.0,0.00215983,2.1398790864012365,,0,0.047151346
hprcv2_chr1_1428464_INS_dae233b0dd21,chr1,INS,utr,noncoding_genic,0,3541.0,3541.0,0.00222222,3.5491259267581112,,1,0.36389697
hprcv2_chr19_6429716_DEL_84a2b893c3f8,chr19,DEL,cds,coding,1,55.0,-55.0,0.00215983,1.7403626894942439,,0,0.03864589
hprcv2_chr8_114486553_INS_c23b3465bbd5,chr8,INS,intergenic,intergenic,0,192.0,192.0,0.00215983,2.2833012287035497,,1,0.09356755
hprcv2_chr17_6560734_DEL_8d5c9e20e769,chr17,DEL,regulatory,regulatory,0,411.0,-411.0,0.00215983,2.6138418218760693,,0,0.10743169
hprcv2_chr7_103178109_INS_3e0436bcd9cf,chr7,INS,intronic,noncoding_genic,0,100.0,100.0,0.00215983,2.0,,1,0.03158103
hprcv2_chr9_40855638_DEL_3d64c7e0943a,chr9,DEL,intergenic,intergenic,0,6658.0,-6658.0,0.0232558,3.8233437908206485,,0,0.07094943
hprcv2_chr2_144512971_INS_f6a17f965069,chr2,INS,utr,noncoding_genic,0,92.0,92.0,0.00215983,1.9637878273455553,,1,0.040675875
hprcv2_chr9_70146890_DEL_1ba61cda1730,chr9,DEL,splice,coding,1,2094.0,-2094.0,0.0799136,3.3209766773428235,,0,0.1470604
hprcv2_chr1_161523993_INS_b769064d2906,chr1,INS,utr,noncoding_genic,0,152.0,152.0,0.00431965,2.1818435879447726,,1,0.043227606
hprcv2_chrX_56725517_INS_b6f7fc8d0ea7,chrX,INS,intergenic,intergenic,0,303.0,303.0,0.00288184,2.481442628502305,,1,0.0957213
hprcv2_chr15_21614271_DEL_849e41e2fd8a,chr15,DEL,exon_noncod,noncoding_genic,0,97.0,-97.0,0.00892857,1.9867717342662448,,0,0.03870497
hprcv2_chr7_112765824_INS_26ea58158f01,chr7,INS,utr,noncoding_genic,0,57.0,57.0,0.00215983,1.7558748556724915,,1,0.031018892
hprcv2_chr9_40304032_INS_c1bb661e0b7a,chr9,INS,intronic,noncoding_genic,0,501.0,501.0,0.0,2.699837725867246,,1,0.07433318
hprcv2_chr5_71337117_DEL_e9a48c896195,chr5,DEL,splice,coding,1,104.0,-104.0,0.0,2.0170333392987803,,0,0.0406848
hprcv2_chr4_190065621_INS_9117cf9a5983,chr4,INS,exon_noncod,noncoding_genic,0,3310.0,3310.0,0.00395257,3.519827993775719,,1,0.29064134
hprcv2_chr8_132048390_DEL_68699b3c2f17,chr8,DEL,intronic,noncoding_genic,0,943.0,-943.0,0.0323974,2.9745116927373285,,0,0.137851
hprcv2_chr12_128085011_DEL_66e04607853e,chr12,DEL,intergenic,intergenic,0,64.0,-64.0,0.00215983,1.806179973983887,,0,0.023845501
hprcv2_chr11_1154921_DEL_51e8db7f8d08,chr11,DEL,regulatory,regulatory,0,140.0,-140.0,0.00215983,2.146128035678238,,0,0.05034804
hprcv2_chr11_111353923_INS_089e6c2050cb,chr11,INS,utr,noncoding_genic,0,114.0,114.0,0.00863931,2.0569048513364727,,1,0.044061534
hprcv2_chr2_151876680_DEL_c6f1560abc32,chr2,DEL,intronic,noncoding_genic,0,54.0,-54.0,0.00431965,1.7323937598229686,,0,0.017193789
hprcv2_chr7_128858404_DEL_d45edb0c83de,chr7,DEL,cds,coding,1,44494.0,-44494.0,0.0021645,4.648301450473586,,0,0.112658404
hprcv2_chr1_1428001_INS_49dc4e6935a2,chr1,INS,utr,noncoding_genic,0,696.0,696.0,0.00222222,2.842609239610562,,1,0.14410716
hprcv2_chr10_130473763_INS_7fcd9ed33c6b,chr10,INS,splice,coding,1,70.0,70.0,0.334773,1.845098040014257,,1,0.021260155
hprcv2_chr2_66408740_INS_91fcf762b18c,chr2,INS,intergenic,intergenic,0,1887.0,1887.0,0.00215983,3.2757719001649312,,1,0.265956
hprcv2_chr3_53991127_INS_7bc33c21adaf,chr3,INS,regulatory,regulatory,0,290.0,290.0,0.00215983,2.462397997898956,,1,0.09753038
hprcv2_chr6_30262742_DEL_bf3b8f8c4496,chr6,DEL,splice,coding,1,72.0,-72.0,0.0691145,1.8573324964312685,,0,0.021769566
hprcv2_chr8_27492418_DEL_3987ecc126f6,chr8,DEL,intronic,noncoding_genic,0,60.0,-60.0,0.00215983,1.7781512503836436,,0,0.04291039
hprcv2_chr12_131441044_DEL_24532301117a,chr12,DEL,regulatory,regulatory,0,87.0,-87.0,0.0259179,1.9395192526186185,,0,0.01914088
hprcv2_chr2_189647488_DEL_883385813dff,chr2,DEL,regulatory,regulatory,0,827.0,-827.0,0.00215983,2.9175055095525466,,0,0.14441971
hprcv2_chr19_52813420_DEL_765d4e192bc8,chr19,DEL,splice,coding,1,3298.0,-3298.0,0.149028,3.5182506513085,,0,0.13251142
hprcv2_chr10_70956672_INS_a7d1c0f3b05f,chr10,INS,exon_noncod,noncoding_genic,0,89.0,89.0,0.00215983,1.9493900066449128,,1,0.035281017
hprcv2_chr4_182833439_DEL_98aec33f7d08,chr4,DEL,intergenic,intergenic,0,106.0,-106.0,0.00225225,2.0253058652647704,,0,0.048820186
hprcv2_chr4_186204405_INS_1e469b7eb6e4,chr4,INS,exon_noncod,noncoding_genic,0,62.0,62.0,0.00215983,1.792391689498254,,1,0.016601358
hprcv2_chr15_50908690_INS_e186743f9b2a,chr15,INS,splice,coding,1,54.0,54.0,0.00215983,1.7323937598229686,,1,0.02011641
hprcv2_chr4_869484_DEL_a2c64792f424,chr4,DEL,exon_noncod,noncoding_genic,0,71.0,-71.0,0.138229,1.8512583487190752,,0,0.023139747
hprcv2_chr3_130868457_INS_9121cde3cbca,chr3,INS,exon_noncod,noncoding_genic,0,78.0,78.0,0.0280778,1.8920946026904804,,1,0.019627852
hprcv2_chr3_42851733_DEL_c3cd4b06b606,chr3,DEL,splice,coding,1,758.0,-758.0,0.00215983,2.8796692056320534,,0,0.04694247
hprcv2_chr15_22612145_DEL_8f4b6e36eb34,chr15,DEL,splice,coding,1,53.0,-53.0,0.0021645,1.724275869600789,,0,0.033646837
hprcv2_chr5_174026105_DEL_c17e4a964938,chr5,DEL,regulatory,regulatory,0,4852.0,-4852.0,0.00215983,3.685920792194535,,0,0.11926236
hprcv2_chr11_38294258_DEL_fe55dd86072f,chr11,DEL,intergenic,intergenic,0,283.0,-283.0,0.00215983,2.45178643552429,,0,0.08787163
hprcv2_chr18_11328421_INS_6fb8c67e1b1b,chr18,INS,splice,coding,1,308.0,308.0,0.00647948,2.4885507165004443,,1,0.06446627
hprcv2_chr2_134607233_DEL_faa5e94dd02a,chr2,DEL,intronic,noncoding_genic,0,59.0,-59.0,0.00215983,1.7708520116421442,,0,0.025474159
hprcv2_chr19_33895363_DEL_54087e061da6,chr19,DEL,regulatory,regulatory,0,2789.0,-2789.0,0.00215983,3.44544851426605,,0,0.08106772
hprcv2_chr6_69569419_INS_a7bcd4862c4f,chr6,INS,intergenic,intergenic,0,67.0,67.0,0.00215983,1.8260748027008264,,1,0.0353106
hprcv2_chr1_157191496_INS_6abd20cf9068,chr1,INS,exon_noncod,noncoding_genic,0,332.0,332.0,0.0021645,2.5211380837040362,,1,0.079009995
hprcv2_chrX_40046542_DEL_f8963765e28e,chrX,DEL,intergenic,intergenic,0,58.0,-58.0,0.0172911,1.7634279935629373,,0,0.02526799
hprcv2_chr2_1163228_DEL_de6d83c485fd,chr2,DEL,splice,coding,1,169.0,-169.0,0.00215983,2.2278867046136734,,0,0.034542467
hprcv2_chr9_135587254_DEL_9bca26945b0b,chr9,DEL,splice,coding,1,1099.0,-1099.0,0.853132,3.0409976924234905,,0,0.13194452
hprcv2_chr17_53953738_INS_1e686e41507b,chr17,INS,exon_noncod,noncoding_genic,0,931.0,931.0,0.00431965,2.9689496809813427,,1,0.24720478
hprcv2_chr17_77561221_DEL_d8899524f156,chr17,DEL,exon_noncod,noncoding_genic,0,318.0,-318.0,0.00215983,2.5024271199844326,,0,0.09431143
hprcv2_chr1_1427145_DEL_cff215dd1d6c,chr1,DEL,cds,coding,1,1480.0,-1480.0,0.00222222,3.1702617153949575,,0,0.13924144
hprcv2_chr7_103182751_DEL_3c41feeb1b32,chr7,DEL,splice,coding,1,2472.0,-2472.0,0.00431965,3.3930484664167784,,0,0.11485045
hprcv2_chrX_1235865_DEL_292a40e11f7b,chrX,DEL,intergenic,intergenic,0,148.0,-148.0,0.00574713,2.1702617153949575,,0,0.043563336
hprcv2_chr5_1282848_DEL_274fe000eb42,chr5,DEL,exon_noncod,noncoding_genic,0,61.0,-61.0,0.00863931,1.7853298350107671,,0,0.021159755
hprcv2_chr21_33321743_DEL_d0759e57c2f1,chr21,DEL,intergenic,intergenic,0,79.0,-79.0,0.00431965,1.8976270912904414,,0,0.01833879
hprcv2_chr19_7037805_DEL_f8bf9ff216ea,chr19,DEL,cds,coding,1,18518.0,-18518.0,0.00219298,4.267594079761292,,0,0.23535867
hprcv2_chr12_72186265_DEL_1c29cb0da2a9,chr12,DEL,exon_noncod,noncoding_genic,0,102.0,-102.0,0.00647948,2.0086001717619175,,0,0.023652237
hprcv2_chr4_70481421_DEL_76c739c2f8dd,chr4,DEL,cds,coding,1,69.0,-69.0,0.12095,1.8388490907372552,,0,0.023167256
hprcv2_chr7_43573894_DEL_67c097124270,chr7,DEL,regulatory,regulatory,0,1044.0,-1044.0,0.00215983,3.0187004986662433,,0,0.07204563
hprcv2_chr16_2608365_DEL_0b0cc4995d82,chr16,DEL,splice,coding,1,12061.0,-12061.0,0.017316,4.0813833174622856,,0,0.06417046
hprcv2_chr20_63034963_INS_ce5fd9fcaf5e,chr20,INS,intronic,noncoding_genic,0,72.0,72.0,0.00649351,1.8573324964312685,,1,0.024353098
hprcv2_chr4_103084353_DEL_cb733fbc75a4,chr4,DEL,intronic,noncoding_genic,0,78.0,-78.0,0.00215983,1.8920946026904804,,0,0.037870176
hprcv2_chrX_138625461_INS_7eae66d2f384,chrX,INS,utr,noncoding_genic,0,55.0,55.0,0.00576369,1.7403626894942439,,1,0.022508893
hprcv2_chr10_133129648_INS_260ab0928973,chr10,INS,utr,noncoding_genic,0,150.0,150.0,0.004329,2.1760912590556813,,1,0.04767312
hprcv2_chr19_54744884_DEL_c2a7c5cafae8,chr19,DEL,intronic,noncoding_genic,0,77.0,-77.0,0.00215983,1.8864907251724818,,0,0.03511027
hprcv2_chr6_2887437_INS_63c95bf5fe8e,chr6,INS,utr,noncoding_genic,0,51.0,51.0,0.00215983,1.7075701760979363,,1,0.022408012
hprcv2_chr11_134809719_DEL_5692d6d2b460,chr11,DEL,splice,coding,1,4926.0,-4926.0,0.00215983,3.6924944075030846,,0,0.1528899
hprcv2_chr4_141203104_DEL_3201eef91a82,chr4,DEL,splice,coding,1,12046.0,-12046.0,0.00431965,4.080842858834561,,0,0.10191132
hprcv2_chr12_64177746_DEL_b9289d7cdea3,chr12,DEL,regulatory,regulatory,0,523.0,-523.0,0.00863931,2.718501688867274,,0,0.05661186
hprcv2_chr4_190066600_INS_05ee57568311,chr4,INS,exon_noncod,noncoding_genic,0,6612.0,6612.0,1.0,3.82033284489941,,1,0.214343
hprcv2_chr15_21609417_INS_0178f9de403b,chr15,INS,utr,noncoding_genic,0,110.0,110.0,0.00884956,2.041392685158225,,1,0.04933463
hprcv2_chr8_141252484_DEL_68b7e9f9fd23,chr8,DEL,splice,coding,1,282.0,-282.0,0.00215983,2.450249108319361,,0,0.06911053
hprcv2_chr9_84521132_INS_3242301d468c,chr9,INS,exon_noncod,noncoding_genic,0,192.0,192.0,0.0323974,2.2833012287035497,,1,0.06632813
hprcv2_chr7_150036962_DEL_8ea40e8ca33c,chr7,DEL,splice,coding,1,241.0,-241.0,0.00883002,2.3820170425748683,,0,0.043948933
hprcv2_chr13_24967864_INS_ff287a409fd9,chr13,INS,exon_noncod,noncoding_genic,0,349.0,349.0,0.00215983,2.5428254269591797,,1,0.06359357
hprcv2_chr15_22466049_DEL_85052cf5486e,chr15,DEL,cds,coding,1,165.0,-165.0,0.00217391,2.2174839442139063,,0,0.029931022
hprcv2_chr18_37371211_DEL_868051bb257a,chr18,DEL,intronic,noncoding_genic,0,78.0,-78.0,0.00215983,1.8920946026904804,,0,0.036420375
hprcv2_chr11_58421591_DEL_dd0acb007ed5,chr11,DEL,utr,noncoding_genic,0,386.0,-386.0,0.00215983,2.586587304671755,,0,0.090622544
hprcv2_chr16_1258797_INS_1e160bc993d4,chr16,INS,utr,noncoding_genic,0,150.0,150.0,0.0021645,2.1760912590556813,,1,0.04537885
hprcv2_chr7_102486557_DEL_031af3f519bb,chr7,DEL,cds,coding,1,2976.0,-2976.0,0.00217865,3.473632926873841,,0,0.07529484
hprcv2_chr7_154749816_DEL_28e60c030a39,chr7,DEL,intronic,noncoding_genic,0,51.0,-51.0,0.442765,1.7075701760979363,,0,0.021686545
hprcv2_chr15_21544095_DEL_261da8812694,chr15,DEL,exon_noncod,noncoding_genic,0,69.0,-69.0,0.00877193,1.8388490907372552,,0,0.022201983
hprcv2_chr15_21405628_INS_860bd7bfdfde,chr15,INS,utr,noncoding_genic,0,53.0,53.0,0.00884956,1.724275869600789,,1,0.048020165
hprcv2_chr6_49703679_DEL_0de469cbc0b2,chr6,DEL,intronic,noncoding_genic,0,56.0,-56.0,0.00215983,1.7481880270062005,,0,0.034363553
hprcv2_chr10_124227140_DEL_b1e345c42a2d,chr10,DEL,intergenic,intergenic,0,72.0,-72.0,0.0259179,1.8573324964312685,,0,0.012528463
hprcv2_chr17_83228991_INS_de8c84153ab2,chr17,INS,splice,coding,1,4907.0,4907.0,0.00217391,3.6908160579809155,,1,0.122842886
hprcv2_chr1_245974533_DEL_73dfe4bdd60b,chr1,DEL,intronic,noncoding_genic,0,480.0,-480.0,0.0215983,2.681241237375587,,0,0.16458125
hprcv2_chr20_61946486_DEL_ddcdd85e0ed6,chr20,DEL,intergenic,intergenic,0,490.0,-490.0,0.00865801,2.690196080028514,,0,0.06360385
hprcv2_chr2_225224610_INS_0ffe02cb3b6c,chr2,INS,intergenic,intergenic,0,7784.0,7784.0,0.00215983,3.8912028272602956,,1,0.18958393
hprcv2_chr16_28342859_INS_03cdda333685,chr16,INS,cds,coding,1,63.0,63.0,0.390929,1.7993405494535817,,1,0.02144641
hprcv2_chr9_133337725_INS_bed8a2d2c61a,chr9,INS,splice,coding,1,125.0,125.0,0.0194384,2.0969100130080562,,1,0.028257016
hprcv2_chr15_21382465_DEL_786fdb2b629c,chr15,DEL,exon_noncod,noncoding_genic,0,142.0,-142.0,0.00884956,2.1522883443830563,,0,0.06902488
hprcv2_chr14_57496538_DEL_776ba5b10ddc,chr14,DEL,intergenic,intergenic,0,79.0,-79.0,0.00215983,1.8976270912904414,,0,0.017948775
hprcv2_chr20_62528859_DEL_4e54d04f8592,chr20,DEL,regulatory,regulatory,0,664.0,-664.0,0.0194805,2.8221680793680175,,0,0.10687172
hprcv2_chr10_38863468_DEL_9668e0a0a6d6,chr10,DEL,intergenic,intergenic,0,8190.0,-8190.0,0.0021692,3.9132839017604186,,0,0.05259701
hprcv2_chr3_98837141_DEL_4ab0730ab711,chr3,DEL,intronic,noncoding_genic,0,195.0,-195.0,0.00431965,2.290034611362518,,0,0.05482743
hprcv2_chr22_43834600_DEL_d8fbe44b9e8f,chr22,DEL,intronic,noncoding_genic,0,56.0,-56.0,0.24622,1.7481880270062005,,0,0.026191542
hprcv2_chr8_143932924_DEL_e7d1b859f5d9,chr8,DEL,cds,coding,1,152.0,-152.0,0.00215983,2.1818435879447726,,0,0.052629437
hprcv2_chr11_1942150_INS_642f2ae07b81,chr11,INS,intergenic,intergenic,0,112.0,112.0,0.00215983,2.0492180226701815,,1,0.037141286
hprcv2_chr16_2471842_DEL_d1dc6f10fe34,chr16,DEL,cds,coding,1,54.0,-54.0,0.0021645,1.7323937598229686,,0,0.029603953
hprcv2_chr2_739927_INS_dbd1364f5689,chr2,INS,exon_noncod,noncoding_genic,0,252.0,252.0,0.0107991,2.401400540781544,,1,0.064189896
hprcv2_chr2_5474698_DEL_70e3abf74d21,chr2,DEL,regulatory,regulatory,0,130.0,-130.0,0.00215983,2.113943352306837,,0,0.035617143
hprcv2_chrX_155466547_DEL_daa369732e91,chrX,DEL,splice,coding,1,88.0,-88.0,0.00288184,1.9444826721501687,,0,0.031388663
hprcv2_chr5_81358661_DEL_e728785f3f9c,chr5,DEL,cds,coding,1,37112.0,-37112.0,0.00215983,4.569514359510703,,0,0.06533206
hprcv2_chrX_141905825_DEL_ff3a05cfc14d,chrX,DEL,cds,coding,1,105.0,-105.0,0.0288184,2.0211892990699383,,0,0.03320741
hprcv2_chrX_144246702_INS_a8d5db50e452,chrX,INS,intergenic,intergenic,0,358.0,358.0,0.00289017,2.5538830266438746,,1,0.095360786
hprcv2_chr4_180390581_DEL_685eaa23c843,chr4,DEL,intergenic,intergenic,0,76.0,-76.0,0.00215983,1.8808135922807914,,0,0.021926578
hprcv2_chr16_29383169_DEL_5da0d1bf59be,chr16,DEL,cds,coding,1,126.0,-126.0,0.00215983,2.100370545117563,,0,0.023850257
hprcv2_chr13_110355745_DEL_a3fc1cff2e61,chr13,DEL,intronic,noncoding_genic,0,65.0,-65.0,0.0107991,1.8129133566428555,,0,0.015364024
hprcv2_chr2_214150705_DEL_703bcb034002,chr2,DEL,intronic,noncoding_genic,0,1106.0,-1106.0,0.00215983,3.0437551269686796,,0,0.08344091
hprcv2_chr15_101756656_DEL_23260089fb12,chr15,DEL,exon_noncod,noncoding_genic,0,253.0,-253.0,0.00795756,2.403120521175818,,0,0.03516765
hprcv2_chr2_136346724_DEL_d25930fa3bd4,chr2,DEL,intergenic,intergenic,0,89.0,-89.0,0.0021645,1.9493900066449128,,0,0.02337064
hprcv2_chr6_133990904_INS_6d670f5bacec,chr6,INS,utr,noncoding_genic,0,337.0,337.0,0.00215983,2.5276299008713385,,1,0.10502685
hprcv2_chr22_49931179_DEL_082f6ed6aab2,chr22,DEL,regulatory,regulatory,0,133.0,-133.0,0.0021645,2.123851640967086,,0,0.034460194
hprcv2_chr1_224378738_INS_9636d85a2ded,chr1,INS,utr,noncoding_genic,0,196.0,196.0,0.00215983,2.292256071356476,,1,0.05262501
hprcv2_chr1_248647165_INS_ea851954e454,chr1,INS,intergenic,intergenic,0,61.0,61.0,0.0799136,1.7853298350107671,,1,0.020184912
hprcv2_chr7_44883774_INS_77b0b8c68680,chr7,INS,utr,noncoding_genic,0,53.0,53.0,0.00215983,1.724275869600789,,1,0.02088587
hprcv2_chr7_101035056_DEL_8886b4b28ea2,chr7,DEL,cds,coding,1,177.0,-177.0,0.0021645,2.247973266361807,,0,0.026079154
hprcv2_chr2_10013808_DEL_5d7f64f46056,chr2,DEL,regulatory,regulatory,0,116.0,-116.0,0.00431965,2.0644579892269186,,0,0.015785752
hprcv2_chr9_133764004_INS_f50bb2bf223f,chr9,INS,utr,noncoding_genic,0,152.0,152.0,0.00215983,2.1818435879447726,,1,0.048282333
hprcv2_chr15_22085127_DEL_03843c41b6af,chr15,DEL,cds,coding,1,10574.0,-10574.0,0.375,4.024239306069092,,0,0.136502
hprcv2_chr7_56817314_INS_b522a89e93f4,chr7,INS,exon_noncod,noncoding_genic,0,94.0,94.0,0.00714286,1.9731278535996986,,1,0.026334394
hprcv2_chr17_78424410_INS_8b0a0cf45b52,chr17,INS,utr,noncoding_genic,0,97.0,97.0,0.00215983,1.9867717342662448,,1,0.039057557
hprcv2_chr22_21550905_DEL_3db3cbf751a2,chr22,DEL,cds,coding,1,66.0,-66.0,0.00215983,1.8195439355418688,,0,0.037262864
hprcv2_chr18_50298587_DEL_f81390eb50e7,chr18,DEL,splice,coding,1,3986.0,-3986.0,0.0172786,3.600537294364469,,0,0.19109005
hprcv2_chr12_133013543_INS_c2cf2e831252,chr12,INS,utr,noncoding_genic,0,122.0,122.0,0.00647948,2.0863598306747484,,1,0.03444531
hprcv2_chr7_61750612_DEL_28c4ff0b7f03,chr7,DEL,intergenic,intergenic,0,3030.0,-3030.0,0.0581114,3.481442628502305,,0,0.054360732
hprcv2_chr18_68240113_INS_0cc4ff49af16,chr18,INS,exon_noncod,noncoding_genic,0,2899.0,2899.0,0.0021645,3.4622482153549976,,1,0.21547985
hprcv2_chr15_21614653_INS_4fb525710659,chr15,INS,exon_noncod,noncoding_genic,0,74.0,74.0,0.00925926,1.8692317197309762,,1,0.03706355
hprcv2_chr15_43630557_INS_075994d38881,chr15,INS,splice,coding,1,90.0,90.0,0.0022779,1.954242509439325,,1,0.025892831
hprcv2_chrX_83549848_DEL_8a19389d377f,chrX,DEL,intergenic,intergenic,0,110.0,-110.0,0.00288184,2.041392685158225,,0,0.038218487
hprcv2_chr7_246596_INS_ce01d508d8de,chr7,INS,intronic,noncoding_genic,0,85.0,85.0,0.00215983,1.9294189257142926,,1,0.027412698
hprcv2_chr14_104430178_DEL_4aca3bdd0a5e,chr14,DEL,regulatory,regulatory,0,540.0,-540.0,0.00215983,2.7323937598229686,,0,0.13817395
hprcv2_chr1_222751008_INS_63b3bb50187c,chr1,INS,splice,coding,1,346.0,346.0,0.00215983,2.5390760987927767,,1,0.07558137
hprcv2_chr10_133031760_INS_c6d65a220229,chr10,INS,regulatory,regulatory,0,50.0,50.0,0.0021645,1.6989700043360187,,1,0.018576704
hprcv2_chrY_20110583_DEL_61d41bc2224e,chrY,DEL,intergenic,intergenic,0,210.0,-210.0,0.0340909,2.322219294733919,,0,0.023420816
hprcv2_chr22_31269916_DEL_8b519c403746,chr22,DEL,intronic,noncoding_genic,0,62.0,-62.0,0.012959,1.792391689498254,,0,0.02422304
hprcv2_chr4_5650586_DEL_519e841230ae,chr4,DEL,intronic,noncoding_genic,0,76.0,-76.0,0.00215983,1.8808135922807914,,0,0.030497361
hprcv2_chr11_49344938_DEL_7ae2db092726,chr11,DEL,intronic,noncoding_genic,0,383.0,-383.0,0.00215983,2.583198773968623,,0,0.100991115
hprcv2_chr5_5816160_INS_6ec2f178d004,chr5,INS,intergenic,intergenic,0,60.0,60.0,0.00215983,1.7781512503836436,,1,0.016738292
hprcv2_chr7_20274193_INS_c6bbf4a13fce,chr7,INS,regulatory,regulatory,0,739.0,739.0,0.00215983,2.8686444383948255,,1,0.44320446
hprcv2_chr22_34404109_DEL_b5daa4d28c83,chr22,DEL,intergenic,intergenic,0,52.0,-52.0,0.00215983,1.7160033436347992,,0,0.018190894
hprcv2_chr19_35360248_DEL_8c2f08062285,chr19,DEL,cds,coding,1,12468.0,-12468.0,0.12095,4.095796793604802,,0,0.2969683
hprcv2_chr17_26617802_DEL_0ce8c5e7e0fe,chr17,DEL,regulatory,regulatory,0,10171.0,-10171.0,0.00819672,4.007363654312278,,0,0.07022303
hprcv2_chr13_63841234_DEL_40461ff0295f,chr13,DEL,splice,coding,1,1139.0,-1139.0,0.00647948,3.0565237240791006,,0,0.10839754
hprcv2_chrX_377199_DEL_ee53f5f37359,chrX,DEL,intronic,noncoding_genic,0,293.0,-293.0,0.0359116,2.4668676203541096,,0,0.08748306
hprcv2_chr7_126357288_DEL_374ada4f9c29,chr7,DEL,splice,coding,1,29837.0,-29837.0,0.00215983,4.474755154291798,,0,0.06661417
hprcv2_chr15_21543191_DEL_f0904951019f,chr15,DEL,exon_noncod,noncoding_genic,0,118.0,-118.0,0.00877193,2.0718820073061255,,0,0.045199834
hprcv2_chr12_31119161_INS_a10d50a8ade9,chr12,INS,splice,coding,1,1522.0,1522.0,0.00431965,3.182414652434554,,1,0.15693413
hprcv2_chr2_236358376_INS_bde11a06ece8,chr2,INS,intronic,noncoding_genic,0,86.0,86.0,0.00215983,1.9344984512435677,,1,0.021068413
hprcv2_chr21_44991323_INS_559bea9cf5eb,chr21,INS,exon_noncod,noncoding_genic,0,126.0,126.0,0.00215983,2.100370545117563,,1,0.035997905
hprcv2_chr16_32915438_INS_1cc136b9f7fa,chr16,INS,exon_noncod,noncoding_genic,0,339.0,339.0,0.00311526,2.530199698203082,,1,0.07880454
hprcv2_chr2_5104373_DEL_b79d918edb9c,chr2,DEL,intergenic,intergenic,0,194.0,-194.0,0.00431965,2.287801729930226,,0,0.03873424
hprcv2_chr3_97055991_INS_4971c2bc3ab2,chr3,INS,intronic,noncoding_genic,0,283.0,283.0,0.0151188,2.45178643552429,,1,0.10713871
hprcv2_chr13_37496258_DEL_3706212ee09e,chr13,DEL,splice,coding,1,50335.0,-50335.0,0.00647948,4.701870072947406,,0,0.15211736
hprcv2_chr13_114153665_INS_a6b8bdce15d9,chr13,INS,regulatory,regulatory,0,184.0,184.0,0.00863931,2.2648178230095364,,1,0.052576844
hprcv2_chr20_48510961_DEL_372cf6d81dad,chr20,DEL,intergenic,intergenic,0,99.0,-99.0,0.00694444,1.99563519459755,,0,0.029523412
hprcv2_chr17_35934553_INS_0823ed2f5f30,chr17,INS,utr,noncoding_genic,0,327.0,327.0,0.00215983,2.514547752660286,,1,0.04801173
hprcv2_chr22_48755992_DEL_e89b59e4fc46,chr22,DEL,intronic,noncoding_genic,0,112.0,-112.0,0.00215983,2.0492180226701815,,0,0.030442407
hprcv2_chr11_44550646_DEL_c5a95489e8d7,chr11,DEL,regulatory,regulatory,0,680.0,-680.0,0.00215983,2.832508912706236,,0,0.1645949
hprcv2_chrX_47506780_DEL_03c89fc624b4,chrX,DEL,splice,coding,1,15533.0,-15533.0,0.00288184,4.191255342246265,,0,0.0879667
hprcv2_chr2_184093356_DEL_033d56b9a764,chr2,DEL,intronic,noncoding_genic,0,186.0,-186.0,0.062635,2.2695129442179165,,0,0.06438275
hprcv2_chr3_141942827_DEL_a12e534485c6,chr3,DEL,intergenic,intergenic,0,134.0,-134.0,0.00863931,2.1271047983648077,,0,0.023975471
hprcv2_chr3_77776491_DEL_4bce2d9bf818,chr3,DEL,regulatory,regulatory,0,19844.0,-19844.0,0.00215983,4.297629218364148,,0,0.13662644
hprcv2_chr6_30987234_DEL_fa382e24ea9b,chr6,DEL,cds,coding,1,90.0,-90.0,0.168467,1.954242509439325,,0,0.015245046
hprcv2_chr1_245233785_DEL_49001086b094,chr1,DEL,splice,coding,1,5151.0,-5151.0,0.00215983,3.711891549880579,,0,0.12050491
hprcv2_chr8_6678756_DEL_223b4f1f555c,chr8,DEL,intronic,noncoding_genic,0,116.0,-116.0,0.00431965,2.0644579892269186,,0,0.048776764
hprcv2_chr17_68072368_DEL_1e9a5ce685f2,chr17,DEL,intergenic,intergenic,0,494.0,-494.0,0.017316,2.693726948923647,,0,0.13936305
hprcv2_chr20_38426467_DEL_04176dac2716,chr20,DEL,splice,coding,1,700.0,-700.0,0.0583153,2.845098040014257,,0,0.073821425
hprcv2_chr10_12116556_DEL_9a039c8842d5,chr10,DEL,cds,coding,1,5960.0,-5960.0,0.00215983,3.7752462597402365,,0,0.12970063
hprcv2_chr11_65466637_DEL_1d87e51cbfd3,chr11,DEL,splice,coding,1,83.0,-83.0,0.00215983,1.919078092376074,,0,0.020406298
hprcv2_chr8_3510104_DEL_173005d888ae,chr8,DEL,intronic,noncoding_genic,0,1630.0,-1630.0,0.0151188,3.2121876044039577,,0,0.103426605
hprcv2_chr7_1280798_DEL_1f07df6ca41c,chr7,DEL,intergenic,intergenic,0,85.0,-85.0,0.00215983,1.9294189257142926,,0,0.03677468
hprcv2_chr13_113422393_DEL_04372e3eed4a,chr13,DEL,utr,noncoding_genic,0,168.0,-168.0,0.00215983,2.225309281725863,,0,0.038137533
hprcv2_chr7_121522502_INS_6994041a0119,chr7,INS,intergenic,intergenic,0,123.0,123.0,0.00215983,2.089905111439398,,1,0.054274365
hprcv2_chr10_55542911_INS_02bc24ff69e2,chr10,INS,intronic,noncoding_genic,0,60.0,60.0,0.0172786,1.7781512503836436,,1,0.022335121
hprcv2_chr2_85291982_DEL_1823f9b99a59,chr2,DEL,intronic,noncoding_genic,0,337.0,-337.0,0.88121,2.5276299008713385,,0,0.06507791
hprcv2_chr4_185128156_DEL_448ccbce8a66,chr4,DEL,regulatory,regulatory,0,1372.0,-1372.0,0.00215983,3.137354111370733,,0,0.08421859
hprcv2_chr10_122601764_DEL_a46407261abe,chr10,DEL,cds,coding,1,16220.0,-16220.0,0.0410367,4.210050849875137,,0,0.12347397
hprcv2_chr4_173483442_DEL_f29456b9c90c,chr4,DEL,intergenic,intergenic,0,348.0,-348.0,0.0151188,2.5415792439465807,,0,0.08429196
hprcv2_chr6_31761150_DEL_cbfb4fd524e4,chr6,DEL,cds,coding,1,169.0,-169.0,0.00431965,2.2278867046136734,,0,0.06936864
hprcv2_chr12_24007341_DEL_5a85830dd46c,chr12,DEL,intronic,noncoding_genic,0,342.0,-342.0,0.140389,2.534026106056135,,0,0.1463219
hprcv2_chr5_149324873_DEL_a775aab25dd5,chr5,DEL,splice,coding,1,198.0,-198.0,0.0021645,2.296665190261531,,0,0.058205403
hprcv2_chr11_59366213_INS_038e41075c29,chr11,INS,utr,noncoding_genic,0,827.0,827.0,0.00215983,2.9175055095525466,,1,0.21096648
hprcv2_chr16_903337_DEL_848026ba5bcb,chr16,DEL,exon_noncod,noncoding_genic,0,279.0,-279.0,0.437229,2.4456042032735974,,0,0.06896808
hprcv2_chr4_30278382_DEL_bbd5a1339b97,chr4,DEL,intergenic,intergenic,0,108.0,-108.0,0.0151188,2.03342375548695,,0,0.037855335
hprcv2_chr12_6132270_DEL_adf2bfdfe4de,chr12,DEL,regulatory,regulatory,0,6641.0,-6641.0,0.0237581,3.822233480238844,,0,0.12830348
hprcv2_chr5_137813029_INS_7a93e5244da1,chr5,INS,exon_noncod,noncoding_genic,0,330.0,330.0,0.00215983,2.5185139398778875,,1,0.063617036
hprcv2_chr19_1050993_DEL_1d90d182d6ac,chr19,DEL,cds,coding,1,96.0,-96.0,0.00222222,1.9822712330395684,,0,0.03300296
hprcv2_chr4_156636211_DEL_6f4799464fbc,chr4,DEL,splice,coding,1,474.0,-474.0,0.00431965,2.6757783416740852,,0,0.053554326
hprcv2_chr13_100059060_INS_5b57c8b6d49a,chr13,INS,intronic,noncoding_genic,0,4275.0,4275.0,0.0021645,3.6309361190641916,,1,0.3792367
hprcv2_chr18_59233935_DEL_cc6cecb3228c,chr18,DEL,intergenic,intergenic,0,77.0,-77.0,0.00215983,1.8864907251724818,,0,0.029156102
hprcv2_chr4_185796539_INS_74767def56df,chr4,INS,intronic,noncoding_genic,0,150.0,150.0,0.0215983,2.1760912590556813,,1,0.046590105
hprcv2_chr1_12021688_INS_6698b7d8f454,chr1,INS,utr,noncoding_genic,0,614.0,614.0,0.00215983,2.788168371141168,,1,0.13164468
hprcv2_chr2_196932148_INS_7eb736b1a9c1,chr2,INS,regulatory,regulatory,0,137.0,137.0,0.00431965,2.1367205671564067,,1,0.06092661
hprcv2_chr15_74719628_INS_d1b7db37fa41,chr15,INS,utr,noncoding_genic,0,325.0,325.0,0.00215983,2.5118833609788744,,1,0.06442815
hprcv2_chr12_410392_DEL_7acc4a61fbbe,chr12,DEL,intronic,noncoding_genic,0,278.0,-278.0,0.00215983,2.444044795918076,,0,0.0530206
hprcv2_chr13_63838794_DEL_e1512d0a6ad7,chr13,DEL,splice,coding,1,1812.0,-1812.0,0.00431965,3.2581581933407944,,0,0.09732427
hprcv2_chr14_25142269_DEL_0e28e2c782dc,chr14,DEL,intronic,noncoding_genic,0,2128.0,-2128.0,0.0172786,3.3279716236230104,,0,0.08929456
hprcv2_chr17_1689522_DEL_bb5fc6e4b53e,chr17,DEL,regulatory,regulatory,0,225.0,-225.0,0.213823,2.3521825181113627,,0,0.035154443
hprcv2_chr13_113111464_DEL_5ae74e238206,chr13,DEL,intronic,noncoding_genic,0,136.0,-136.0,0.00215983,2.1335389083702174,,0,0.03659931
hprcv2_chr3_195506425_DEL_a74c6f485dda,chr3,DEL,intergenic,intergenic,0,76.0,-76.0,0.00215983,1.8808135922807914,,0,0.016976416
hprcv2_chr19_54602031_INS_16cb356931eb,chr19,INS,utr,noncoding_genic,0,111.0,111.0,0.00215983,2.0453229787866576,,1,0.027287275
hprcv2_chr12_114874471_DEL_d093fa3b4ee8,chr12,DEL,intergenic,intergenic,0,73.0,-73.0,0.00215983,1.863322860120456,,0,0.034417454
hprcv2_chrX_34147329_INS_0908f94d08b1,chrX,INS,exon_noncod,noncoding_genic,0,66.0,66.0,0.00864553,1.8195439355418688,,1,0.02831335
hprcv2_chr20_23936904_DEL_4566bcce2e68,chr20,DEL,intergenic,intergenic,0,80.0,-80.0,0.00215983,1.9030899869919435,,0,0.040014043
hprcv2_chr15_21409132_DEL_847735369bab,chr15,DEL,cds,coding,1,60.0,-60.0,0.00884956,1.7781512503836436,,0,0.077069394
hprcv2_chr2_97664574_DEL_8fedc46f1df3,chr2,DEL,splice,coding,1,61.0,-61.0,0.00215983,1.7853298350107671,,0,0.02311014
hprcv2_chr7_44227121_DEL_7924659a21a3,chr7,DEL,intronic,noncoding_genic,0,380.0,-380.0,0.00215983,2.57978359661681,,0,0.09116083
hprcv2_chr21_35879899_DEL_83f6b6ebe6d0,chr21,DEL,intronic,noncoding_genic,0,224.0,-224.0,0.00215983,2.3502480183341627,,0,0.050831165
hprcv2_chr7_154058945_DEL_dff5c77be867,chr7,DEL,exon_noncod,noncoding_genic,0,113.0,-113.0,0.00219298,2.0530784434834195,,0,0.02602759
hprcv2_chr11_18209132_INS_029a118a9862,chr11,INS,splice,coding,1,93.0,93.0,0.0194384,1.968482948553935,,1,0.02795408
hprcv2_chr20_6000583_INS_f92067dc03dd,chr20,INS,exon_noncod,noncoding_genic,0,75.0,75.0,0.00215983,1.8750612633917,,1,0.021578217
hprcv2_chr18_109501_INS_f7ab35b2412f,chr18,INS,intronic,noncoding_genic,0,210.0,210.0,0.280778,2.322219294733919,,1,0.051763188
hprcv2_chr16_35222029_DEL_d78ee672b67d,chr16,DEL,splice,coding,1,50.0,-50.0,0.00218818,1.6989700043360187,,0,0.029440071
hprcv2_chr1_30972268_DEL_49decd2f4971,chr1,DEL,intronic,noncoding_genic,0,177.0,-177.0,0.00863931,2.247973266361807,,0,0.08596507
hprcv2_chr4_58740562_DEL_03ac57b59c93,chr4,DEL,intergenic,intergenic,0,105.0,-105.0,0.00215983,2.0211892990699383,,0,0.031171575
hprcv2_chr9_136960513_DEL_ea2e2c6034ff,chr9,DEL,regulatory,regulatory,0,53.0,-53.0,0.00215983,1.724275869600789,,0,0.01334515
hprcv2_chr8_104548228_DEL_5343547ce024,chr8,DEL,intronic,noncoding_genic,0,133.0,-133.0,0.012959,2.123851640967086,,0,0.040830735
hprcv2_chr19_38602793_DEL_9885b7dae1e2,chr19,DEL,intronic,noncoding_genic,0,54.0,-54.0,0.00215983,1.7323937598229686,,0,0.014763669
hprcv2_chrX_45372090_DEL_3ba1a9ba7993,chrX,DEL,intergenic,intergenic,0,218.0,-218.0,0.00864553,2.3384564936046046,,0,0.06405226
hprcv2_chr19_42960460_DEL_324e0ca8ef23,chr19,DEL,splice,coding,1,39532.0,-39532.0,0.00668151,4.596948786692873,,0,0.16274248
hprcv2_chr10_30469263_DEL_fe261eb3720c,chr10,DEL,regulatory,regulatory,0,972.0,-972.0,0.00215983,2.9876662649262746,,0,0.06910566
hprcv2_chr15_101759744_INS_8870bad4f236,chr15,INS,exon_noncod,noncoding_genic,0,91.0,91.0,0.0106101,1.9590413923210936,,1,0.025926784
hprcv2_chr16_3073857_DEL_28501b599ea3,chr16,DEL,intronic,noncoding_genic,0,132.0,-132.0,0.00431965,2.12057393120585,,0,0.029185727
hprcv2_chr17_548572_INS_b377b14ed093,chr17,INS,exon_noncod,noncoding_genic,0,98.0,98.0,0.00431965,1.9912260756924949,,1,0.027567798
hprcv2_chr15_21440452_INS_730169c1a294,chr15,INS,splice,coding,1,81.0,81.0,0.00884956,1.9084850188786497,,1,0.038775954
hprcv2_chrX_47078368_DEL_9d5d49de5ee1,chrX,DEL,splice,coding,1,113.0,-113.0,0.00576369,2.0530784434834195,,0,0.034829915
hprcv2_chr5_25540972_INS_3789821b4751,chr5,INS,regulatory,regulatory,0,156.0,156.0,0.00215983,2.1931245983544616,,1,0.071611956
hprcv2_chr15_23327347_INS_bb5419efa462,chr15,INS,cds,coding,1,387.0,387.0,0.00239234,2.5877109650189114,,1,0.074321955
hprcv2_chr11_89887228_DEL_5ce40e6a5100,chr11,DEL,splice,coding,1,6003.0,-6003.0,0.326754,3.778368343355874,,0,0.14095555
hprcv2_chr1_178478133_INS_b555a7709d9c,chr1,INS,utr,noncoding_genic,0,326.0,326.0,0.00215983,2.513217600067939,,1,0.08434392
hprcv2_chr16_903932_INS_744884961678,chr16,INS,exon_noncod,noncoding_genic,0,1342.0,1342.0,0.0021645,3.1277525158329733,,1,0.1847288
hprcv2_chr17_81197497_DEL_8ebc0a5794ce,chr17,DEL,intronic,noncoding_genic,0,97.0,-97.0,0.00647948,1.9867717342662448,,0,0.02376291
hprcv2_chr1_96304271_INS_2098d7cb22d9,chr1,INS,splice,coding,1,115.0,115.0,0.00215983,2.060697840353612,,1,0.054303743
hprcv2_chr19_2275994_INS_1454a75c92a8,chr19,INS,cds,coding,1,130.0,130.0,0.00215983,2.113943352306837,,1,0.047562055
hprcv2_chr3_19953002_INS_8d9b671418dc,chr3,INS,exon_noncod,noncoding_genic,0,74.0,74.0,0.00863931,1.8692317197309762,,1,0.04628001
hprcv2_chr17_8373616_DEL_16950ed7cb2a,chr17,DEL,exon_noncod,noncoding_genic,0,114.0,-114.0,0.0151188,2.0569048513364727,,0,0.027917376
hprcv2_chr17_510466_INS_d51daabf0380,chr17,INS,utr,noncoding_genic,0,267.0,267.0,0.349892,2.4265112613645754,,1,0.054682367
hprcv2_chr8_143260032_INS_dcc5e9608abc,chr8,INS,utr,noncoding_genic,0,100.0,100.0,0.0539957,2.0,,1,0.02994869
hprcv2_chr5_89310945_DEL_7e52d42c5e5d,chr5,DEL,intronic,noncoding_genic,0,286.0,-286.0,0.00215983,2.456366033129043,,0,0.06825372
hprcv2_chr2_121040229_DEL_9523b57ea217,chr2,DEL,splice,coding,1,594.0,-594.0,0.514039,2.7737864449811935,,0,0.082639046
hprcv2_chr15_77255522_INS_364d5de8cf33,chr15,INS,splice,coding,1,652.0,652.0,0.00215983,2.81424759573192,,1,0.19873242
hprcv2_chr17_77216147_DEL_d33975c5fa8b,chr17,DEL,utr,noncoding_genic,0,65.0,-65.0,0.00215983,1.8129133566428555,,0,0.020926122
hprcv2_chr16_32811632_DEL_959ab5ee1b96,chr16,DEL,intronic,noncoding_genic,0,91.0,-91.0,0.0031746,1.9590413923210936,,0,0.02313811
hprcv2_chr6_168002103_INS_99e704e274b0,chr6,INS,utr,noncoding_genic,0,133.0,133.0,0.00863931,2.123851640967086,,1,0.031153362
hprcv2_chr19_31898662_DEL_73f4c61a3cdb,chr19,DEL,intronic,noncoding_genic,0,110.0,-110.0,0.00215983,2.041392685158225,,0,0.038223132
hprcv2_chr18_10286_DEL_10e77c0823e9,chr18,DEL,intergenic,intergenic,0,322.0,-322.0,0.008,2.507855871695831,,0,0.125507
hprcv2_chr10_102081532_DEL_36f60133c5ae,chr10,DEL,splice,coding,1,4910.0,-4910.0,0.00215983,3.6910814921229687,,0,0.055002432
hprcv2_chr2_50246240_DEL_78e346fa9e33,chr2,DEL,intronic,noncoding_genic,0,7625.0,-7625.0,0.00215983,3.8822398480188234,,0,0.08528259
hprcv2_chr15_91749193_DEL_1185d6e1afdd,chr15,DEL,regulatory,regulatory,0,54.0,-54.0,0.00647948,1.7323937598229686,,0,0.01898458
hprcv2_chr15_21268945_DEL_f27e4d487eff,chr15,DEL,regulatory,regulatory,0,61.0,-61.0,0.00884956,1.7853298350107671,,0,0.021815108
hprcv2_chr7_12242077_DEL_c6d59e62b633,chr7,DEL,utr,noncoding_genic,0,322.0,-322.0,0.62851,2.507855871695831,,0,0.06664798
hprcv2_chrX_125344540_DEL_f074e39e1e60,chrX,DEL,intergenic,intergenic,0,118.0,-118.0,0.00288184,2.0718820073061255,,0,0.048324052
hprcv2_chr8_143233983_DEL_554cebd6f376,chr8,DEL,regulatory,regulatory,0,1436.0,-1436.0,0.00215983,3.1571544399062814,,0,0.13559163
hprcv2_chr14_98207871_DEL_0532fc5885ca,chr14,DEL,intergenic,intergenic,0,73.0,-73.0,0.0280778,1.863322860120456,,0,0.030191325
hprcv2_chr11_81476920_DEL_bcc2020b80f9,chr11,DEL,regulatory,regulatory,0,1521.0,-1521.0,0.0453564,3.182129214052998,,0,0.079864025
hprcv2_chr5_121616558_INS_16d01101f934,chr5,INS,exon_noncod,noncoding_genic,0,57.0,57.0,0.00215983,1.7558748556724915,,1,0.024508484
hprcv2_chr11_135020288_INS_42e6d967bd8e,chr11,INS,intergenic,intergenic,0,86.0,86.0,0.004329,1.9344984512435677,,1,0.051482916
hprcv2_chr6_99812253_DEL_12c762d55b52,chr6,DEL,regulatory,regulatory,0,149.0,-149.0,0.734341,2.173186268412274,,0,0.09056038
hprcv2_chr10_131959152_INS_90c83b4c725a,chr10,INS,utr,noncoding_genic,0,296.0,296.0,0.00215983,2.4712917110589387,,1,0.08983381
hprcv2_chr5_259628_DEL_ae9a9cc210b9,chr5,DEL,intronic,noncoding_genic,0,195.0,-195.0,0.00431965,2.290034611362518,,0,0.07599473
hprcv2_chr20_61425817_INS_5948b883bffc,chr20,INS,intronic,noncoding_genic,0,88.0,88.0,0.0302376,1.9444826721501687,,1,0.024476677
hprcv2_chr18_14613134_DEL_003df94e5ac1,chr18,DEL,splice,coding,1,4459.0,-4459.0,0.012987,3.6492374723496073,,0,0.18913004
hprcv2_chr6_168002323_INS_c9a15610d242,chr6,INS,utr,noncoding_genic,0,301.0,301.0,0.00431965,2.4785664955938436,,1,0.09627353
hprcv2_chr2_118305137_DEL_8015696b08a7,chr2,DEL,intergenic,intergenic,0,68.0,-68.0,0.00215983,1.8325089127062364,,0,0.016200993
hprcv2_chr11_1099181_INS_d49beb517528,chr11,INS,exon_noncod,noncoding_genic,0,69.0,69.0,0.00215983,1.8388490907372552,,1,0.012776641
hprcv2_chr6_154107951_INS_a5ffa096bcdb,chr6,INS,utr,noncoding_genic,0,75.0,75.0,0.00215983,1.8750612633917,,1,0.027090339
hprcv2_chr18_78516646_DEL_efff13c4f401,chr18,DEL,regulatory,regulatory,0,115.0,-115.0,0.00215983,2.060697840353612,,0,0.022547485
hprcv2_chr1_33195238_DEL_627d904883a5,chr1,DEL,exon_noncod,noncoding_genic,0,52.0,-52.0,0.00215983,1.7160033436347992,,0,0.017798034
hprcv2_chr18_26829029_DEL_eacc36555c06,chr18,DEL,intronic,noncoding_genic,0,419.0,-419.0,0.107991,2.622214022966295,,0,0.14632714
hprcv2_chr18_71131509_DEL_ea77510ad861,chr18,DEL,intergenic,intergenic,0,83.0,-83.0,0.00215983,1.919078092376074,,0,0.014945937
hprcv2_chr15_21544165_INS_90e4254e4da5,chr15,INS,exon_noncod,noncoding_genic,0,71.0,71.0,0.00877193,1.8512583487190752,,1,0.040426113
hprcv2_chrX_72877796_INS_d1ecc52379f6,chrX,INS,utr,noncoding_genic,0,161.0,161.0,0.00589971,2.2068258760318495,,1,0.034097333
hprcv2_chr1_12762351_INS_589b476c7057,chr1,INS,utr,noncoding_genic,0,212.0,212.0,0.00431965,2.326335860928751,,1,0.054390438
hprcv2_chr21_46052991_INS_24a10f8ffc2c,chr21,INS,exon_noncod,noncoding_genic,0,130.0,130.0,0.0151188,2.113943352306837,,1,0.04235976
hprcv2_chr17_333103_INS_e6704dbc93f0,chr17,INS,exon_noncod,noncoding_genic,0,62.0,62.0,0.00215983,1.792391689498254,,1,0.018993545
hprcv2_chr11_11961182_DEL_cb58d131d6d2,chr11,DEL,utr,noncoding_genic,0,75.0,-75.0,0.0021645,1.8750612633917,,0,0.029216494
hprcv2_chr16_61425984_DEL_d40ae65f60db,chr16,DEL,intergenic,intergenic,0,131.0,-131.0,0.00863931,2.1172712956557644,,0,0.049938153
hprcv2_chr5_42251140_DEL_095363cd8bb5,chr5,DEL,regulatory,regulatory,0,2063.0,-2063.0,0.00215983,3.3144992279731516,,0,0.09950181
hprcv2_chr21_45924762_DEL_d39c3d5ed0d1,chr21,DEL,intronic,noncoding_genic,0,396.0,-396.0,0.00431965,2.597695185925512,,0,0.11539152
hprcv2_chr13_50528508_INS_1361b5a04615,chr13,INS,exon_noncod,noncoding_genic,0,328.0,328.0,0.00215983,2.515873843711679,,1,0.07687605
hprcv2_chr16_84051769_DEL_0fc165688a12,chr16,DEL,regulatory,regulatory,0,86.0,-86.0,0.00431965,1.9344984512435677,,0,0.021958197
hprcv2_chr5_18278830_INS_97a06633f7ee,chr5,INS,intergenic,intergenic,0,815.0,815.0,0.00215983,2.9111576087399764,,1,0.20250845
hprcv2_chr10_1750202_DEL_1f6f1bd440ff,chr10,DEL,intergenic,intergenic,0,259.0,-259.0,0.200864,2.413299764081252,,0,0.07431783
hprcv2_chr7_15190077_DEL_bb534388a0b9,chr7,DEL,intergenic,intergenic,0,106.0,-106.0,0.00431965,2.0253058652647704,,0,0.03928688
hprcv2_chr19_291615_INS_aeda04107d78,chr19,INS,regulatory,regulatory,0,64.0,64.0,0.0021692,1.806179973983887,,1,0.021391364
hprcv2_chr19_1282688_DEL_c31595f8b6b6,chr19,DEL,regulatory,regulatory,0,80.0,-80.0,0.00217865,1.9030899869919435,,0,0.022128742
hprcv2_chr15_23129710_INS_f3802275b7bd,chr15,INS,cds,coding,1,288.0,288.0,0.0021645,2.459392487759231,,1,0.06391342
hprcv2_chr4_20729378_INS_496bc9e39593,chr4,INS,utr,noncoding_genic,0,103.0,103.0,0.00863931,2.012837224705172,,1,0.046321206
hprcv2_chrY_22293018_DEL_3cce92ec8651,chrY,DEL,splice,coding,1,3795.0,-3795.0,0.363636,3.5792117802314993,,0,0.087771654
hprcv2_chr2_46683003_DEL_bead59880d70,chr2,DEL,regulatory,regulatory,0,315.0,-315.0,0.00431965,2.4983105537896004,,0,0.085180886
hprcv2_chr17_82091189_DEL_d42317985e67,chr17,DEL,cds,coding,1,1313.0,-1313.0,0.00215983,3.118264726089479,,0,0.082394384
hprcv2_chr5_110124838_DEL_8806112da9c6,chr5,DEL,regulatory,regulatory,0,8610.0,-8610.0,0.00215983,3.935003151453655,,0,0.13050674
hprcv2_chr21_46183552_DEL_b3344b55b424,chr21,DEL,splice,coding,1,265.0,-265.0,0.00647948,2.423245873936808,,0,0.081202865
hprcv2_chr14_24697287_INS_431628aff6c6,chr14,INS,regulatory,regulatory,0,154.0,154.0,0.00431965,2.187520720836463,,1,0.042686738
hprcv2_chrX_1604632_INS_f67978ad6da7,chrX,INS,regulatory,regulatory,0,160.0,160.0,0.00573066,2.2041199826559246,,1,0.050347324
hprcv2_chr22_22585817_DEL_4ff65053f286,chr22,DEL,intergenic,intergenic,0,81.0,-81.0,0.00221729,1.9084850188786497,,0,0.03916287
hprcv2_chr16_22535390_INS_df02828c5c64,chr16,INS,cds,coding,1,126.0,126.0,0.0,2.100370545117563,,1,0.022678498
hprcv2_chr1_69341309_DEL_0b5a0f26e477,chr1,DEL,regulatory,regulatory,0,319.0,-319.0,0.989201,2.503790683057181,,0,0.07574078
hprcv2_chr10_132171545_INS_699c07ad712c,chr10,INS,utr,noncoding_genic,0,67.0,67.0,0.00215983,1.8260748027008264,,1,0.024120888
hprcv2_chr6_160520953_DEL_738ebe601815,chr6,DEL,regulatory,regulatory,0,434.0,-434.0,0.00215983,2.637489729512511,,0,0.081333324
hprcv2_chr8_902851_DEL_8e5e9eeb49f6,chr8,DEL,intronic,noncoding_genic,0,128.0,-128.0,0.00215983,2.1072099696478683,,0,0.03394558
hprcv2_chr10_133051666_DEL_f092705b3636,chr10,DEL,regulatory,regulatory,0,54.0,-54.0,0.354978,1.7323937598229686,,0,0.014121933
hprcv2_chr2_56496595_DEL_d0beac85235d,chr2,DEL,intergenic,intergenic,0,178.0,-178.0,0.0734341,2.250420002308894,,0,0.046476457
hprcv2_chrX_120509456_DEL_99fd9a9f9c23,chrX,DEL,utr,noncoding_genic,0,313.0,-313.0,0.726225,2.4955443375464483,,0,0.053171016
hprcv2_chr16_90162112_INS_3bce27dfd254,chr16,INS,exon_noncod,noncoding_genic,0,3407.0,3407.0,0.00265252,3.5323721335678773,,1,0.18370013
hprcv2_chr7_159017026_INS_50ed3b7e7d9a,chr7,INS,exon_noncod,noncoding_genic,0,67.0,67.0,0.00647948,1.8260748027008264,,1,0.016859798
hprcv2_chr19_55373420_INS_17fec484980d,chr19,INS,regulatory,regulatory,0,72.0,72.0,0.0453564,1.8573324964312685,,1,0.019098802
hprcv2_chr15_21406171_DEL_b31d3921ec59,chr15,DEL,utr,noncoding_genic,0,78.0,-78.0,0.00884956,1.8920946026904804,,0,0.044181135
hprcv2_chrX_71763893_DEL_f17afe0c0853,chrX,DEL,cds,coding,1,2077.0,-2077.0,0.00581395,3.317436496535099,,0,0.09302134
hprcv2_chr1_194997043_DEL_4f0b2db63bde,chr1,DEL,intergenic,intergenic,0,157.0,-157.0,0.00431965,2.1958996524092336,,0,0.05209852
hprcv2_chr17_44369429_DEL_629992ca8f38,chr17,DEL,regulatory,regulatory,0,160.0,-160.0,0.00215983,2.2041199826559246,,0,0.033412807
hprcv2_chr15_28350887_INS_728ad2dbb22b,chr15,INS,cds,coding,1,165.0,165.0,0.00215983,2.2174839442139063,,1,0.039101813
hprcv2_chr9_39586503_DEL_d9a0307024c7,chr9,DEL,regulatory,regulatory,0,2488.0,-2488.0,0.0,3.3958503760187813,,0,0.09118959
hprcv2_chr8_40601608_DEL_d0dd6c137ae9,chr8,DEL,intronic,noncoding_genic,0,123.0,-123.0,0.00215983,2.089905111439398,,0,0.051760223
hprcv2_chr13_38483178_DEL_915f059b7618,chr13,DEL,regulatory,regulatory,0,2886.0,-2886.0,0.323974,3.4602963267574753,,0,0.10956721
hprcv2_chr1_207538105_DEL_3bc9db6e0cd9,chr1,DEL,cds,coding,1,18543.0,-18543.0,0.0410367,4.268179998311488,,0,0.36821577
hprcv2_chr4_9225870_DEL_86fa78b2419b,chr4,DEL,cds,coding,1,4745.0,-4745.0,0.04,3.6762362167633116,,0,0.2812316
hprcv2_chr21_42580527_DEL_12cab38ba0d6,chr21,DEL,utr,noncoding_genic,0,153.0,-153.0,0.00215983,2.184691430817599,,0,0.057260506
hprcv2_chr8_1246941_DEL_14cfa4ab1b0e,chr8,DEL,splice,coding,1,540.0,-540.0,0.00431965,2.7323937598229686,,0,0.10753835
hprcv2_chr16_24908337_DEL_435f1704d389,chr16,DEL,cds,coding,1,2570.0,-2570.0,0.00215983,3.4099331233312946,,0,0.059835855
hprcv2_chr2_91540600_INS_9d6a3c213ad1,chr2,INS,intergenic,intergenic,0,80.0,80.0,0.00215983,1.9030899869919435,,1,0.06955237
hprcv2_chr3_198040758_INS_9b97daa95e20,chr3,INS,utr,noncoding_genic,0,135.0,135.0,0.00215983,2.130333768495006,,1,0.04107866
hprcv2_chr12_40017796_INS_da58152697c5,chr12,INS,intronic,noncoding_genic,0,356.0,356.0,0.00215983,2.5514499979728753,,1,0.0793323
hprcv2_chr2_159459842_INS_eaafd25ceb0a,chr2,INS,exon_noncod,noncoding_genic,0,6067.0,6067.0,0.00215983,3.782973994944048,,1,0.30447036
hprcv2_chr14_104720442_INS_cba11540e543,chr14,INS,utr,noncoding_genic,0,244.0,244.0,0.00431965,2.387389826338729,,1,0.08160211
hprcv2_chr15_21555919_DEL_e9fb05ed39cf,chr15,DEL,intronic,noncoding_genic,0,159.0,-159.0,0.00884956,2.2013971243204513,,0,0.047117565
hprcv2_chr4_131757589_INS_0017a76fb038,chr4,INS,exon_noncod,noncoding_genic,0,2461.0,2461.0,0.00540541,3.3911116137028023,,1,0.15715426
hprcv2_chr12_11051_INS_cd413b5c0453,chr12,INS,regulatory,regulatory,0,546.0,546.0,0.00220751,2.7371926427047373,,1,0.17076817
hprcv2_chr7_18732692_INS_2278a91a1525,chr7,INS,intronic,noncoding_genic,0,112.0,112.0,0.00215983,2.0492180226701815,,1,0.034948822
hprcv2_chrX_37495528_DEL_e866c677103f,chrX,DEL,splice,coding,1,13542.0,-13542.0,0.037464,4.131682809461406,,0,0.2777657
hprcv2_chr4_87615920_DEL_5351e8578551,chr4,DEL,cds,coding,1,135.0,-135.0,0.812095,2.130333768495006,,0,0.021160595
hprcv2_chr7_131116043_DEL_0165df4505ef,chr7,DEL,intronic,noncoding_genic,0,1126.0,-1126.0,0.00647948,3.0515383905153275,,0,0.07210587
hprcv2_chr6_30918653_DEL_667f74407f65,chr6,DEL,splice,coding,1,140.0,-140.0,0.0388769,2.146128035678238,,0,0.03842927
hprcv2_chr5_29746955_INS_9a2b874f435a,chr5,INS,intergenic,intergenic,0,112.0,112.0,0.00431965,2.0492180226701815,,1,0.04409044
hprcv2_chrX_86871637_DEL_bc098d8f9676,chrX,DEL,regulatory,regulatory,0,262.0,-262.0,0.00864553,2.4183012913197452,,0,0.095711894
hprcv2_chr2_26627767_DEL_a0996c8ab763,chr2,DEL,cds,coding,1,2546.0,-2546.0,0.0021645,3.4058583993176366,,0,0.12442217
hprcv2_chr2_203111919_DEL_71ecf64f4a18,chr2,DEL,cds,coding,1,4072.0,-4072.0,0.00215983,3.6098077693287025,,0,0.104097426
hprcv2_chr14_79759198_DEL_d7800fab472c,chr14,DEL,splice,coding,1,4834.0,-4834.0,0.012959,3.6843066460716316,,0,0.07537294
hprcv2_chr5_112239210_DEL_94cd4f790a98,chr5,DEL,cds,coding,1,1360.0,-1360.0,0.00215983,3.1335389083702174,,0,0.075080775
hprcv2_chr2_124194386_INS_0c2713015d06,chr2,INS,intronic,noncoding_genic,0,9223.0,9223.0,0.00215983,3.9648722086377752,,1,0.33782524
hprcv2_chr13_100062397_INS_ccefe533b650,chr13,INS,exon_noncod,noncoding_genic,0,114.0,114.0,0.00215983,2.0569048513364727,,1,0.05870664
hprcv2_chr16_30199227_INS_d1b24417f9f5,chr16,INS,splice,coding,1,889.0,889.0,0.00431965,2.9489017609702137,,1,0.16861434
hprcv2_chr9_136251971_DEL_e3ea06cc3baa,chr9,DEL,utr,noncoding_genic,0,85.0,-85.0,0.00863931,1.9294189257142926,,0,0.020094715
hprcv2_chr20_62322307_DEL_f18a9dfd95a9,chr20,DEL,cds,coding,1,94.0,-94.0,0.00217391,1.9731278535996986,,0,0.04064369
hprcv2_chr2_308221_INS_bff53bc5ec00,chr2,INS,exon_noncod,noncoding_genic,0,70.0,70.0,0.00215983,1.845098040014257,,1,0.022885842
hprcv2_chr21_44225639_INS_3d19fc922f1f,chr21,INS,utr,noncoding_genic,0,52.0,52.0,0.0172786,1.7160033436347992,,1,0.015628403
hprcv2_chr7_77032333_INS_afc09753e8a0,chr7,INS,utr,noncoding_genic,0,635.0,635.0,0.00215983,2.8027737252919755,,1,0.10190348
hprcv2_chrX_130632140_DEL_3a0fa1228568,chrX,DEL,intronic,noncoding_genic,0,54.0,-54.0,0.00576369,1.7323937598229686,,0,0.017902497
hprcv2_chr18_44498944_DEL_58803df3d36c,chr18,DEL,intronic,noncoding_genic,0,318.0,-318.0,0.0021645,2.5024271199844326,,0,0.07645703
hprcv2_chr2_241807647_INS_cacf5d223c0d,chr2,INS,intergenic,intergenic,0,153.0,153.0,0.00215983,2.184691430817599,,1,0.035486795
hprcv2_chr1_211374660_INS_f32da59ef1af,chr1,INS,utr,noncoding_genic,0,2727.0,2727.0,0.00215983,3.43568513794163,,1,0.2820184
hprcv2_chr5_467734_DEL_3712c8514026,chr5,DEL,utr,noncoding_genic,0,644.0,-644.0,0.00647948,2.808885867359812,,0,0.19644059
hprcv2_chr22_47175355_DEL_76ddbe38228c,chr22,DEL,splice,coding,1,441.0,-441.0,0.0151188,2.6444385894678386,,0,0.05126104
hprcv2_chr2_179362192_DEL_778532aebafc,chr2,DEL,regulatory,regulatory,0,535.0,-535.0,0.0194384,2.7283537820212285,,0,0.07772959
hprcv2_chr2_1527910_DEL_6d16e1f40fc7,chr2,DEL,intronic,noncoding_genic,0,55.0,-55.0,0.0025974,1.7403626894942439,,0,0.015719708
hprcv2_chr12_103495_INS_d3cda34227a5,chr12,INS,intronic,noncoding_genic,0,188.0,188.0,0.00215983,2.27415784926368,,1,0.059936248
hprcv2_chr6_120459190_DEL_90a25510abe7,chr6,DEL,splice,coding,1,6517.0,-6517.0,0.00215983,3.8140477209955996,,0,0.16304545
hprcv2_chr1_213398001_DEL_ad9bfe3affb5,chr1,DEL,regulatory,regulatory,0,5889.0,-5889.0,0.00215983,3.770041554319669,,0,0.13133758
hprcv2_chr4_1338714_INS_7b4a8fce2a3b,chr4,INS,exon_noncod,noncoding_genic,0,58.0,58.0,0.0194384,1.7634279935629373,,1,0.019757662
hprcv2_chrX_8169893_DEL_209000264e6c,chrX,DEL,cds,coding,1,18136.0,-18136.0,0.00377358,4.258541507118461,,0,0.16844274
hprcv2_chr16_32795185_DEL_e609a77405fb,chr16,DEL,intergenic,intergenic,0,224.0,-224.0,0.0,2.3502480183341627,,0,0.10994733
hprcv2_chr15_101980400_DEL_8574b556f291,chr15,DEL,regulatory,regulatory,0,558.0,-558.0,0.0182648,2.7466341989375787,,0,0.14024742
hprcv2_chr14_104946012_INS_b5bdf411b0a5,chr14,INS,cds,coding,1,495.0,495.0,0.00215983,2.694605198933569,,1,0.07929034
hprcv2_chrX_6533665_DEL_e1568e7b8ce2,chrX,DEL,utr,noncoding_genic,0,60.0,-60.0,0.00446429,1.7781512503836436,,0,0.036162887
hprcv2_chr15_77037169_DEL_f86a07660a42,chr15,DEL,cds,coding,1,1082.0,-1082.0,0.00229358,3.0342272607705505,,0,0.09447304
hprcv2_chr12_34103099_DEL_07a81e3a2514,chr12,DEL,regulatory,regulatory,0,11060.0,-11060.0,0.0151188,4.043755126968679,,0,0.17771882
hprcv2_chr6_98230097_DEL_29aabe6a76e5,chr6,DEL,intronic,noncoding_genic,0,72.0,-72.0,0.00215983,1.8573324964312685,,0,0.026981551
hprcv2_chr17_18546866_DEL_e93669428203,chr17,DEL,intronic,noncoding_genic,0,1516.0,-1516.0,0.00888889,3.1806992012960347,,0,0.10508907
hprcv2_chr16_33203891_INS_05aed0ba99d7,chr16,INS,exon_noncod,noncoding_genic,0,707.0,707.0,0.0030303,2.8494194137968996,,1,0.1393997
hprcv2_chr17_41084540_INS_542079b47035,chr17,INS,cds,coding,1,60.0,60.0,0.0107991,1.7781512503836436,,1,0.013833485
hprcv2_chr16_22810120_INS_811e11df211c,chr16,INS,exon_noncod,noncoding_genic,0,153.0,153.0,0.00215983,2.184691430817599,,1,0.05504191
hprcv2_chr9_41560571_DEL_fa04170ee09b,chr9,DEL,regulatory,regulatory,0,3941.0,-3941.0,0.211111,3.595606434865603,,0,0.11969077
hprcv2_chr17_31201691_INS_9ec3b255cf1c,chr17,INS,exon_noncod,noncoding_genic,0,230.0,230.0,0.00215983,2.361727836017593,,1,0.102719165
hprcv2_chr6_325486_INS_c0324d0f8c92,chr6,INS,utr,noncoding_genic,0,63.0,63.0,0.645788,1.7993405494535817,,1,0.019082684
hprcv2_chr2_227158989_DEL_94c50a8cfdf6,chr2,DEL,cds,coding,1,11667.0,-11667.0,0.00215983,4.0669591978671225,,0,0.084695965
hprcv2_chr21_46192528_DEL_3340643508c3,chr21,DEL,exon_noncod,noncoding_genic,0,232.0,-232.0,0.0107991,2.3654879848909,,0,0.054352246
hprcv2_chr2_125893444_DEL_e1f17d9b5f86,chr2,DEL,intergenic,intergenic,0,84.0,-84.0,0.00215983,1.9242792860618816,,0,0.032267243
hprcv2_chr15_21614368_INS_ab3b981a6508,chr15,INS,exon_noncod,noncoding_genic,0,99.0,99.0,0.00892857,1.99563519459755,,1,0.033413064
hprcv2_chr19_54250278_INS_b4a85fa02178,chr19,INS,utr,noncoding_genic,0,324.0,324.0,0.012959,2.510545010206612,,1,0.053852025
hprcv2_chr5_17639420_DEL_d98e3ba79536,chr5,DEL,splice,coding,1,5445.0,-5445.0,0.00217391,3.735997884091794,,0,0.10330635
hprcv2_chr2_240641739_INS_a1e02b671409,chr2,INS,intergenic,intergenic,0,117.0,117.0,0.00215983,2.0681858617461617,,1,0.03969491
hprcv2_chr19_55947214_DEL_f0d527f7b709,chr19,DEL,intergenic,intergenic,0,115.0,-115.0,0.0172786,2.060697840353612,,0,0.040620655
hprcv2_chrX_53073918_INS_202e85f75cf1,chrX,INS,intronic,noncoding_genic,0,605.0,605.0,0.00289017,2.781755374652469,,1,0.15074863
hprcv2_chrX_321897_INS_9faf2fdaf41a,chrX,INS,intergenic,intergenic,0,439.0,439.0,0.00278552,2.6424645202421213,,1,0.118248686
hprcv2_chr3_162410159_DEL_93096c34d0cd,chr3,DEL,regulatory,regulatory,0,15320.0,-15320.0,0.0215983,4.185258765296585,,0,0.11588984
hprcv2_chr13_27068987_INS_6134abe68ab8,chr13,INS,utr,noncoding_genic,0,88.0,88.0,0.00215983,1.9444826721501687,,1,0.033893645
hprcv2_chr8_2247958_DEL_21c430dee282,chr8,DEL,regulatory,regulatory,0,1861.0,-1861.0,0.171739,3.269746373130767,,0,0.19431472
hprcv2_chr4_622761_DEL_ed0309ae21e6,chr4,DEL,regulatory,regulatory,0,74.0,-74.0,0.00215983,1.8692317197309762,,0,0.017965628
hprcv2_chr13_57135249_INS_8b1ed97b438b,chr13,INS,splice,coding,1,7247.0,7247.0,0.00220264,3.8601582613182783,,1,0.19190387
hprcv2_chr2_51438939_INS_6c47a7bb28be,chr2,INS,intronic,noncoding_genic,0,200.0,200.0,0.00647948,2.3010299956639813,,1,0.07536127
hprcv2_chr17_26766352_DEL_f3b21d783d82,chr17,DEL,regulatory,regulatory,0,663.0,-663.0,0.0456522,2.821513528404773,,0,0.14173251
hprcv2_chr16_74391610_DEL_3d75f3f0d86a,chr16,DEL,cds,coding,1,63.0,-63.0,0.0109649,1.7993405494535817,,0,0.013512227
hprcv2_chr17_83205542_DEL_a6e098f42c00,chr17,DEL,intronic,noncoding_genic,0,136.0,-136.0,0.0108696,2.1335389083702174,,0,0.041089486
hprcv2_chr15_85169653_DEL_c88d001676f7,chr15,DEL,regulatory,regulatory,0,68.0,-68.0,0.00438596,1.8325089127062364,,0,0.030085023
hprcv2_chr21_46142276_INS_6fa5445cb775,chr21,INS,utr,noncoding_genic,0,73.0,73.0,0.00215983,1.863322860120456,,1,0.02052059
hprcv2_chr11_1621473_DEL_d197b171e036,chr11,DEL,cds,coding,1,87.0,-87.0,0.00431965,1.9395192526186185,,0,0.018763738
hprcv2_chr7_154063118_DEL_27d149785792,chr7,DEL,exon_noncod,noncoding_genic,0,82.0,-82.0,0.00219298,1.9138138523837167,,0,0.015780572
hprcv2_chr14_96768926_DEL_0f0f7607e7f6,chr14,DEL,intronic,noncoding_genic,0,94.0,-94.0,0.0734341,1.9731278535996986,,0,0.031212555
hprcv2_chr4_21515890_DEL_01c0a9ae6e27,chr4,DEL,splice,coding,1,63816.0,-63816.0,0.00215983,4.804929579043173,,0,0.07252692
hprcv2_chr5_1393660_INS_c221a9ca2ef0,chr5,INS,utr,noncoding_genic,0,125.0,125.0,0.00215983,2.0969100130080562,,1,0.03857594
hprcv2_chr15_25223249_INS_d2ade449f02e,chr15,INS,splice,coding,1,148.0,148.0,0.0107991,2.1702617153949575,,1,0.049493883
hprcv2_chr7_56817339_INS_de30766dbbb3,chr7,INS,exon_noncod,noncoding_genic,0,96.0,96.0,0.0214286,1.9822712330395684,,1,0.032312486
hprcv2_chr19_1034144_DEL_e846ea761dad,chr19,DEL,intronic,noncoding_genic,0,140.0,-140.0,0.00650759,2.146128035678238,,0,0.06555342
hprcv2_chr1_97954595_INS_3d70cc43823b,chr1,INS,intronic,noncoding_genic,0,5272.0,5272.0,0.00215983,3.7219754015859534,,1,0.26787704
hprcv2_chr15_21298685_INS_daf1571ba68b,chr15,INS,exon_noncod,noncoding_genic,0,54.0,54.0,0.00884956,1.7323937598229686,,1,0.03801165
hprcv2_chr16_29393_DEL_9a0b215899c8,chr16,DEL,exon_noncod,noncoding_genic,0,259.0,-259.0,0.00609756,2.413299764081252,,0,0.06645153
hprcv2_chr5_42165826_DEL_88ec8c427b74,chr5,DEL,intergenic,intergenic,0,1841.0,-1841.0,0.656587,3.2650537885040145,,0,0.2724567
hprcv2_chr22_31521230_DEL_3f48301a0f4d,chr22,DEL,splice,coding,1,68.0,-68.0,0.0151188,1.8325089127062364,,0,0.058274988
hprcv2_chr11_55462946_DEL_46d4baaee04a,chr11,DEL,intergenic,intergenic,0,3574.0,-3574.0,0.00431965,3.5531545481696254,,0,0.098647214
hprcv2_chr16_29381454_INS_1dac867a288e,chr16,INS,cds,coding,1,87.0,87.0,0.00215983,1.9395192526186185,,1,0.024233056
hprcv2_chr12_132552791_INS_b403daa9df44,chr12,INS,exon_noncod,noncoding_genic,0,410.0,410.0,0.00215983,2.6127838567197355,,1,0.1410996
hprcv2_chr14_24218408_INS_259c70320393,chr14,INS,cds,coding,1,62.0,62.0,0.00215983,1.792391689498254,,1,0.02864698
hprcv2_chr15_90247103_DEL_bd22ad1b10e0,chr15,DEL,intronic,noncoding_genic,0,753.0,-753.0,0.0280778,2.8767949762007006,,0,0.09104127
hprcv2_chr9_126701273_INS_8b2d82ae143f,chr9,INS,exon_noncod,noncoding_genic,0,294.0,294.0,0.0172786,2.4683473304121573,,1,0.11099278
hprcv2_chr19_39182558_DEL_46354b85a49e,chr19,DEL,utr,noncoding_genic,0,192.0,-192.0,0.00215983,2.2833012287035497,,0,0.040990435
hprcv2_chr15_21418392_DEL_34272bd93566,chr15,DEL,intronic,noncoding_genic,0,78.0,-78.0,0.0176991,1.8920946026904804,,0,0.038926307
hprcv2_chr12_131448843_DEL_67f5a38c7ecd,chr12,DEL,splice,coding,1,15019.0,-15019.0,0.00215983,4.176641017292667,,0,0.13467287
hprcv2_chr2_233568254_DEL_f2d2fd27ecfc,chr2,DEL,intergenic,intergenic,0,158.0,-158.0,0.0151188,2.1986570869544226,,0,0.06926861
hprcv2_chr10_13233286_DEL_382c3d66cf00,chr10,DEL,cds,coding,1,956.0,-956.0,0.00431965,2.9804578922761,,0,0.12681197
hprcv2_chr12_18338442_DEL_8c047eeca344,chr12,DEL,cds,coding,1,375.0,-375.0,0.00215983,2.574031267727719,,0,0.17163993
hprcv2_chr11_89982080_DEL_bbcafa4484ed,chr11,DEL,splice,coding,1,180.0,-180.0,0.00219298,2.255272505103306,,0,0.03973418
hprcv2_chr16_55586539_INS_f113ceaf292b,chr16,INS,utr,noncoding_genic,0,62.0,62.0,0.153348,1.792391689498254,,1,0.024511721
hprcv2_chr4_2396474_DEL_ca0ef5a13166,chr4,DEL,intronic,noncoding_genic,0,51.0,-51.0,0.00215983,1.7075701760979363,,0,0.018249262
hprcv2_chrX_146618719_DEL_9ead29eb8454,chrX,DEL,splice,coding,1,2045.0,-2045.0,0.00576369,3.3106933123433606,,0,0.17685947
