id,size,pooled_l1,pooled_l2,gc,repeat_frac,genic
syn_0165_chr17_3069320,1000,1.4068994522094727,0.06367778778076172,0.42125,0.583375,False
syn_0165_chr17_3069320,2000,3.040649890899658,0.15272322297096252,0.42125,0.583375,False
syn_0165_chr17_3069320,4000,3.899433135986328,0.18324583768844604,0.42125,0.583375,False
syn_0103_chr2_187112386,1000,0.7104920744895935,0.03801142796874046,0.342125,0.272125,True
syn_0103_chr2_187112386,2000,1.6805111169815063,0.07867535203695297,0.342125,0.272125,True
syn_0103_chr2_187112386,4000,2.7549309730529785,0.14265097677707672,0.342125,0.272125,True
syn_0108_chr17_45945631,1000,0.9832901358604431,0.04805012419819832,0.4855,0.379375,True
syn_0108_chr17_45945631,2000,1.4802534580230713,0.06315453350543976,0.4855,0.379375,True
syn_0108_chr17_45945631,4000,2.7639899253845215,0.11983810365200043,0.4855,0.379375,True
syn_0044_chr6_35016602,1000,1.0880759954452515,0.05102148279547691,0.450875,0.195875,True
syn_0044_chr6_35016602,2000,2.129019021987915,0.13730022311210632,0.450875,0.195875,True
syn_0044_chr6_35016602,4000,2.957996129989624,0.17497608065605164,0.450875,0.195875,True
syn_0230_chr2_18595145,1000,1.2809855937957764,0.05774132162332535,0.3945,0.495625,False
syn_0230_chr2_18595145,2000,1.6276510953903198,0.07515324652194977,0.3945,0.495625,False
syn_0230_chr2_18595145,4000,3.0700314044952393,0.14214164018630981,0.3945,0.495625,False
syn_0158_chr5_19481905,1000,1.1677759885787964,0.061805613338947296,0.363375,0.390125,True
syn_0158_chr5_19481905,2000,1.82030189037323,0.10202420502901077,0.363375,0.390125,True
syn_0158_chr5_19481905,4000,2.8594884872436523,0.16383680701255798,0.363375,0.390125,True
syn_0256_chr7_81850686,1000,0.7169375419616699,0.0347573421895504,0.336875,0.30425,False
syn_0256_chr7_81850686,2000,1.154355764389038,0.056386180222034454,0.336875,0.30425,False
syn_0256_chr7_81850686,4000,2.469383955001831,0.12875092029571533,0.336875,0.30425,False
syn_0155_chr5_36122833,1000,1.2879116535186768,0.05434985086321831,0.357625,0.526375,True
syn_0155_chr5_36122833,2000,2.1085615158081055,0.12786725163459778,0.357625,0.526375,True
syn_0155_chr5_36122833,4000,4.276873588562012,0.24009422957897186,0.357625,0.526375,True
syn_0001_chr22_30654005,1000,1.8389378786087036,0.07662633806467056,0.465875,0.714625,True
syn_0001_chr22_30654005,2000,3.2844598293304443,0.13610145449638367,0.465875,0.714625,True
syn_0001_chr22_30654005,4000,3.9367897510528564,0.1604025512933731,0.465875,0.714625,True
syn_0076_chr8_57661339,1000,1.9524543285369873,0.1004725992679596,0.406875,0.471875,True
syn_0076_chr8_57661339,2000,2.8336071968078613,0.13673962652683258,0.406875,0.471875,True
syn_0076_chr8_57661339,4000,4.369381904602051,0.22919440269470215,0.406875,0.471875,True
syn_0265_chr4_181751256,1000,1.1314177513122559,0.0827079489827156,0.383125,0.080375,False
syn_0265_chr4_181751256,2000,1.7659106254577637,0.07411408424377441,0.383125,0.080375,False
syn_0265_chr4_181751256,4000,1.9751604795455933,0.10378726571798325,0.383125,0.080375,False
syn_0286_chr6_159317888,1000,0.9486561417579651,0.05492040887475014,0.41625,0.511875,False
syn_0286_chr6_159317888,2000,1.9746649265289307,0.1025441512465477,0.41625,0.511875,False
syn_0286_chr6_159317888,4000,3.8726954460144043,0.17045153677463531,0.41625,0.511875,False
syn_0096_chr1_215952030,1000,1.0480756759643555,0.06093985214829445,0.374,0.393,True
syn_0096_chr1_215952030,2000,1.7603144645690918,0.09667319804430008,0.374,0.393,True
syn_0096_chr1_215952030,4000,3.065365791320801,0.15748700499534607,0.374,0.393,True
syn_0051_chr4_118106124,1000,0.8561693429946899,0.0335020013153553,0.362125,0.419125,True
syn_0051_chr4_118106124,2000,1.6580524444580078,0.07210833579301834,0.362125,0.419125,True
syn_0051_chr4_118106124,4000,2.619981288909912,0.10834455490112305,0.362125,0.419125,True
syn_0168_chr4_124427337,1000,1.3247325420379639,0.05517188087105751,0.360125,0.294875,False
syn_0168_chr4_124427337,2000,2.1615958213806152,0.08984293788671494,0.360125,0.294875,False
syn_0168_chr4_124427337,4000,3.262842893600464,0.19447706639766693,0.360125,0.294875,False
syn_0156_chr3_83365554,1000,2.425905227661133,0.12047671526670456,0.314,0.87125,False
syn_0156_chr3_83365554,2000,4.181953430175781,0.20439666509628296,0.314,0.87125,False
syn_0156_chr3_83365554,4000,6.913405418395996,0.34800028800964355,0.314,0.87125,False
syn_0242_chr4_74400965,1000,1.6837292909622192,0.07216013222932816,0.3735,0.394125,False
syn_0242_chr4_74400965,2000,2.543748617172241,0.10880011320114136,0.3735,0.394125,False
syn_0242_chr4_74400965,4000,3.7196645736694336,0.1623692661523819,0.3735,0.394125,False
syn_0275_chr1_179260315,1000,1.4632353782653809,0.06389445066452026,0.3945,0.605875,False
syn_0275_chr1_179260315,2000,2.4963860511779785,0.11375986784696579,0.3945,0.605875,False
syn_0275_chr1_179260315,4000,3.040560007095337,0.10941512137651443,0.3945,0.605875,False
syn_0089_chr17_71388387,1000,1.501932144165039,0.05654831975698471,0.3745,0.43675,False
syn_0089_chr17_71388387,2000,2.138011932373047,0.08003053069114685,0.3745,0.43675,False
syn_0089_chr17_71388387,4000,3.228830337524414,0.13881318271160126,0.3745,0.43675,False
syn_0200_chr9_76966123,1000,2.387537956237793,0.11723405122756958,0.433,0.43875,True
syn_0200_chr9_76966123,2000,3.452711820602417,0.17317280173301697,0.433,0.43875,True
syn_0200_chr9_76966123,4000,3.880772829055786,0.16270190477371216,0.433,0.43875,True
syn_0091_chr18_38189983,1000,1.9147813320159912,0.09735391288995743,0.358625,0.637375,False
syn_0091_chr18_38189983,2000,2.388862133026123,0.11562471091747284,0.358625,0.637375,False
syn_0091_chr18_38189983,4000,3.1999564170837402,0.1259978860616684,0.358625,0.637375,False
syn_0053_chr18_35647725,1000,1.2474545240402222,0.06773516535758972,0.367625,0.428,True
syn_0053_chr18_35647725,2000,2.360747814178467,0.12756940722465515,0.367625,0.428,True
syn_0053_chr18_35647725,4000,3.324395179748535,0.23086729645729065,0.367625,0.428,True
syn_0290_chr4_85165486,1000,1.499085783958435,0.07427925616502762,0.37025,0.632625,False
syn_0290_chr4_85165486,2000,2.379434108734131,0.11052465438842773,0.37025,0.632625,False
syn_0290_chr4_85165486,4000,3.32497501373291,0.14405299723148346,0.37025,0.632625,False
syn_0153_chr2_116780658,1000,1.0302824974060059,0.05804720148444176,0.301125,0.64125,False
syn_0153_chr2_116780658,2000,3.7305166721343994,0.19199079275131226,0.301125,0.64125,False
syn_0153_chr2_116780658,4000,7.58321475982666,0.42381390929222107,0.301125,0.64125,False
syn_0069_chr3_53674197,1000,0.8708562254905701,0.033398862928152084,0.4395,0.22025,True
syn_0069_chr3_53674197,2000,1.8884711265563965,0.10059136152267456,0.4395,0.22025,True
syn_0069_chr3_53674197,4000,2.270695686340332,0.10429732501506805,0.4395,0.22025,True
syn_0246_chr22_11781078,1000,1.7128667831420898,0.09485112875699997,0.376125,0.5855,False
syn_0246_chr22_11781078,2000,2.1159095764160156,0.11222606897354126,0.376125,0.5855,False
syn_0246_chr22_11781078,4000,2.7222683429718018,0.12616245448589325,0.376125,0.5855,False
syn_0064_chr1_55432984,1000,2.078740119934082,0.09318815171718597,0.389375,0.88275,True
syn_0064_chr1_55432984,2000,3.201389789581299,0.16192594170570374,0.389375,0.88275,True
syn_0064_chr1_55432984,4000,4.448221683502197,0.20247505605220795,0.389375,0.88275,True
syn_0211_chr4_71860425,1000,1.4693629741668701,0.07393952459096909,0.36425,0.823875,False
syn_0211_chr4_71860425,2000,3.4000930786132812,0.1798596978187561,0.36425,0.823875,False
syn_0211_chr4_71860425,4000,4.039368152618408,0.20782966911792755,0.36425,0.823875,False
syn_0020_chr16_1657748,1000,1.6143821477890015,0.10797348618507385,0.528125,0.2545,True
syn_0020_chr16_1657748,2000,3.0092051029205322,0.20052482187747955,0.528125,0.2545,True
syn_0020_chr16_1657748,4000,4.569995403289795,0.3941879868507385,0.528125,0.2545,True
syn_0027_chr18_9106909,1000,1.3163214921951294,0.05837486684322357,0.392125,0.4755,True
syn_0027_chr18_9106909,2000,2.264077663421631,0.15016381442546844,0.392125,0.4755,True
syn_0027_chr18_9106909,4000,4.2214035987854,0.42717909812927246,0.392125,0.4755,True
syn_0071_chr4_125329088,1000,1.9308174848556519,0.11725275218486786,0.338625,0.420625,True
syn_0071_chr4_125329088,2000,2.207998037338257,0.12182503938674927,0.338625,0.420625,True
syn_0071_chr4_125329088,4000,2.8555197715759277,0.14561820030212402,0.338625,0.420625,True
syn_0024_chr6_76229170,1000,1.6553289890289307,0.0918673723936081,0.376,0.499,False
syn_0024_chr6_76229170,2000,2.394037961959839,0.1318598836660385,0.376,0.499,False
syn_0024_chr6_76229170,4000,2.7045092582702637,0.12923099100589752,0.376,0.499,False
syn_0295_chr6_40260640,1000,1.7800781726837158,0.08217711001634598,0.46075,0.53325,False
syn_0295_chr6_40260640,2000,1.9050774574279785,0.08616568148136139,0.46075,0.53325,False
syn_0295_chr6_40260640,4000,2.7784273624420166,0.1287791132926941,0.46075,0.53325,False
syn_0006_chr7_9371834,1000,0.852381706237793,0.042924415320158005,0.328875,0.292375,False
syn_0006_chr7_9371834,2000,1.6424399614334106,0.07337179780006409,0.328875,0.292375,False
syn_0006_chr7_9371834,4000,2.2088944911956787,0.08828616142272949,0.328875,0.292375,False
syn_0188_chr10_46988599,1000,2.6940033435821533,0.1298031359910965,0.3775,0.996625,True
syn_0188_chr10_46988599,2000,3.5623738765716553,0.18278652429580688,0.3775,0.996625,True
syn_0188_chr10_46988599,4000,6.145897388458252,0.32323166728019714,0.3775,0.996625,True
syn_0203_chr16_55358389,1000,1.576418399810791,0.06848602741956711,0.391875,0.589625,False
syn_0203_chr16_55358389,2000,2.0412425994873047,0.07827352732419968,0.391875,0.589625,False
syn_0203_chr16_55358389,4000,2.536498785018921,0.09972675144672394,0.391875,0.589625,False
syn_0182_chr4_180032995,1000,1.0652117729187012,0.05910657346248627,0.3725,0.431875,True
syn_0182_chr4_180032995,2000,1.7676386833190918,0.09551407396793365,0.3725,0.431875,True
syn_0182_chr4_180032995,4000,3.2603659629821777,0.16544818878173828,0.3725,0.431875,True
syn_0229_chr2_193192739,1000,1.3354318141937256,0.057666465640068054,0.307875,0.403875,False
syn_0229_chr2_193192739,2000,1.9600882530212402,0.07914236932992935,0.307875,0.403875,False
syn_0229_chr2_193192739,4000,2.827803611755371,0.1347135305404663,0.307875,0.403875,False
syn_0277_chr12_10149470,1000,2.6447887420654297,0.1403919756412506,0.41675,0.99625,False
syn_0277_chr12_10149470,2000,3.1131420135498047,0.14458048343658447,0.41675,0.99625,False
syn_0277_chr12_10149470,4000,3.8730082511901855,0.17389820516109467,0.41675,0.99625,False
syn_0289_chr16_86307932,1000,1.2240064144134521,0.05338897556066513,0.4905,0.32725,False
syn_0289_chr16_86307932,2000,2.3900198936462402,0.12127654254436493,0.4905,0.32725,False
syn_0289_chr16_86307932,4000,3.0209903717041016,0.13048674166202545,0.4905,0.32725,False
syn_0178_chr11_123707432,1000,1.4559972286224365,0.06109548732638359,0.417125,0.605875,False
syn_0178_chr11_123707432,2000,2.1779468059539795,0.09937699884176254,0.417125,0.605875,False
syn_0178_chr11_123707432,4000,3.786834239959717,0.1695079356431961,0.417125,0.605875,False
syn_0269_chr9_60882577,1000,1.7794691324234009,0.08103660494089127,0.422,0.495375,False
syn_0269_chr9_60882577,2000,2.1941895484924316,0.09395226836204529,0.422,0.495375,False
syn_0269_chr9_60882577,4000,2.78472900390625,0.11930932849645615,0.422,0.495375,False
syn_0161_chr5_64528315,1000,0.9386157393455505,0.04523611068725586,0.39925,0.37925,True
syn_0161_chr5_64528315,2000,1.825252652168274,0.11333887279033661,0.39925,0.37925,True
syn_0161_chr5_64528315,4000,3.129545211791992,0.1499907374382019,0.39925,0.37925,True
syn_0148_chr9_41055869,1000,1.4976953268051147,0.07093591243028641,0.408,0.520375,True
syn_0148_chr9_41055869,2000,2.31610369682312,0.10925357788801193,0.408,0.520375,True
syn_0148_chr9_41055869,4000,2.9732370376586914,0.1306307315826416,0.408,0.520375,True
syn_0159_chr5_36163049,1000,1.7151031494140625,0.0766897201538086,0.4035,0.2825,True
syn_0159_chr5_36163049,2000,2.643869161605835,0.1376897096633911,0.4035,0.2825,True
syn_0159_chr5_36163049,4000,3.3856875896453857,0.22370103001594543,0.4035,0.2825,True
syn_0136_chr3_34021349,1000,1.4789836406707764,0.05937943980097771,0.415625,0.499625,True
syn_0136_chr3_34021349,2000,1.8318758010864258,0.07921724021434784,0.415625,0.499625,True
syn_0136_chr3_34021349,4000,2.541569709777832,0.10612442344427109,0.415625,0.499625,True
syn_0129_chr5_27766966,1000,0.8155171871185303,0.043305858969688416,0.349375,0.377,False
syn_0129_chr5_27766966,2000,1.587874174118042,0.10633710026741028,0.349375,0.377,False
syn_0129_chr5_27766966,4000,3.3021435737609863,0.18673183023929596,0.349375,0.377,False
syn_0173_chr8_65352535,1000,2.800009250640869,0.15779559314250946,0.4095,0.6785,False
syn_0173_chr8_65352535,2000,3.2421650886535645,0.16953019797801971,0.4095,0.6785,False
syn_0173_chr8_65352535,4000,4.291672229766846,0.21758687496185303,0.4095,0.6785,False
syn_0189_chr9_116409653,1000,1.3366361856460571,0.056368324905633926,0.410125,0.335875,False
syn_0189_chr9_116409653,2000,2.2891905307769775,0.09928484261035919,0.410125,0.335875,False
syn_0189_chr9_116409653,4000,2.695796012878418,0.09512785077095032,0.410125,0.335875,False
syn_0233_chr12_11371505,1000,1.4628750085830688,0.06712419539690018,0.41,0.716375,False
syn_0233_chr12_11371505,2000,1.8214091062545776,0.0855381190776825,0.41,0.716375,False
syn_0233_chr12_11371505,4000,4.500263214111328,0.2057381570339203,0.41,0.716375,False
syn_0272_chr5_54496574,1000,1.9004710912704468,0.1102181077003479,0.420875,0.989375,False
syn_0272_chr5_54496574,2000,2.6263065338134766,0.1516755223274231,0.420875,0.989375,False
syn_0272_chr5_54496574,4000,4.3018646240234375,0.20905785262584686,0.420875,0.989375,False
syn_0262_chr2_226220201,1000,1.8417190313339233,0.08999360352754593,0.377875,0.65725,False
syn_0262_chr2_226220201,2000,2.6382925510406494,0.12015283107757568,0.377875,0.65725,False
syn_0262_chr2_226220201,4000,3.905341625213623,0.17768587172031403,0.377875,0.65725,False
syn_0222_chr12_17208925,1000,1.120744228363037,0.054180484265089035,0.361375,0.215,False
syn_0222_chr12_17208925,2000,1.3688116073608398,0.059731364250183105,0.361375,0.215,False
syn_0222_chr12_17208925,4000,2.4383599758148193,0.09816113114356995,0.361375,0.215,False
syn_0121_chr1_21682604,1000,2.036804437637329,0.10229729861021042,0.422625,0.6055,True
syn_0121_chr1_21682604,2000,3.9609222412109375,0.4084669351577759,0.422625,0.6055,True
syn_0121_chr1_21682604,4000,5.700653553009033,0.5108149647712708,0.422625,0.6055,True
syn_0236_chr1_17833591,1000,1.140550971031189,0.05446222424507141,0.511,0.564375,False
syn_0236_chr1_17833591,2000,1.9777307510375977,0.09121782332658768,0.511,0.564375,False
syn_0236_chr1_17833591,4000,2.368652582168579,0.09550666809082031,0.511,0.564375,False
syn_0084_chr7_115955699,1000,2.377366065979004,0.12327510118484497,0.308375,0.560625,True
syn_0084_chr7_115955699,2000,2.887733221054077,0.14829331636428833,0.308375,0.560625,True
syn_0084_chr7_115955699,4000,4.668513774871826,0.2530597746372223,0.308375,0.560625,True
syn_0235_chr3_162626109,1000,1.2575359344482422,0.046956174075603485,0.346,0.437,False
syn_0235_chr3_162626109,2000,1.7381402254104614,0.06890366226434708,0.346,0.437,False
syn_0235_chr3_162626109,4000,2.448428153991699,0.10812415927648544,0.346,0.437,False
syn_0052_chr18_45963547,1000,1.9675822257995605,0.19789904356002808,0.446125,0.535375,True
syn_0052_chr18_45963547,2000,2.8555145263671875,0.2804841101169586,0.446125,0.535375,True
syn_0052_chr18_45963547,4000,4.143772602081299,0.31442978978157043,0.446125,0.535375,True
syn_0011_chr12_116152775,1000,1.4387304782867432,0.08708389103412628,0.360625,0.243,True
syn_0011_chr12_116152775,2000,3.3860268592834473,0.30678045749664307,0.360625,0.243,True
syn_0011_chr12_116152775,4000,5.063380241394043,0.5196824073791504,0.360625,0.243,True
syn_0030_chr5_62865140,1000,1.5396665334701538,0.08701733499765396,0.368625,0.695625,False
syn_0030_chr5_62865140,2000,2.2386035919189453,0.1079307347536087,0.368625,0.695625,False
syn_0030_chr5_62865140,4000,4.201075553894043,0.19876950979232788,0.368625,0.695625,False
syn_0000_chr10_117512146,1000,1.1015396118164062,0.041431207209825516,0.463375,0.363625,True
syn_0000_chr10_117512146,2000,1.4599069356918335,0.06548239290714264,0.463375,0.363625,True
syn_0000_chr10_117512146,4000,2.4507691860198975,0.10585805773735046,0.463375,0.363625,True
syn_0175_chr2_202980948,1000,1.1365771293640137,0.08080220967531204,0.338375,0.2885,True
syn_0175_chr2_202980948,2000,1.6124088764190674,0.19464418292045593,0.338375,0.2885,True
syn_0175_chr2_202980948,4000,6.288630962371826,0.5857899785041809,0.338375,0.2885,True
syn_0047_chr1_179025687,1000,1.3390599489212036,0.16442765295505524,0.43275,0.115,True
syn_0047_chr1_179025687,2000,3.474940776824951,0.6467471718788147,0.43275,0.115,True
syn_0047_chr1_179025687,4000,5.211025238037109,0.8305569291114807,0.43275,0.115,True
syn_0029_chr6_132923062,1000,0.9362257719039917,0.05179182067513466,0.363125,0.260375,False
syn_0029_chr6_132923062,2000,1.173375129699707,0.04966001957654953,0.363125,0.260375,False
syn_0029_chr6_132923062,4000,2.2794575691223145,0.0968778058886528,0.363125,0.260375,False
syn_0217_chr17_79751637,1000,1.211183786392212,0.055651865899562836,0.486375,0.61875,False
syn_0217_chr17_79751637,2000,1.7324503660202026,0.07120522856712341,0.486375,0.61875,False
syn_0217_chr17_79751637,4000,2.7421536445617676,0.10569879412651062,0.486375,0.61875,False
syn_0237_chr14_47844619,1000,2.3106741905212402,0.1279967874288559,0.393625,0.956,False
syn_0237_chr14_47844619,2000,4.027459144592285,0.23464961349964142,0.393625,0.956,False
syn_0237_chr14_47844619,4000,7.419600963592529,0.4513293206691742,0.393625,0.956,False
syn_0135_chr6_89324511,1000,1.3063380718231201,0.0815775990486145,0.356125,0.3145,True
syn_0135_chr6_89324511,2000,2.07602596282959,0.21952763199806213,0.356125,0.3145,True
syn_0135_chr6_89324511,4000,5.894954681396484,0.5355028510093689,0.356125,0.3145,True
syn_0215_chr10_114392822,1000,1.3788199424743652,0.06428847461938858,0.478875,0.1755,True
syn_0215_chr10_114392822,2000,1.9025380611419678,0.09882394969463348,0.478875,0.1755,True
syn_0215_chr10_114392822,4000,2.9497814178466797,0.17519913613796234,0.478875,0.1755,True
syn_0208_chr2_112933405,1000,1.2700374126434326,0.07048768550157547,0.42,0.484375,False
syn_0208_chr2_112933405,2000,1.951241135597229,0.08825568854808807,0.42,0.484375,False
syn_0208_chr2_112933405,4000,3.2771048545837402,0.16490082442760468,0.42,0.484375,False
syn_0184_chr4_69394625,1000,1.4513806104660034,0.06935977935791016,0.329,0.237875,True
syn_0184_chr4_69394625,2000,2.986018657684326,0.1589246541261673,0.329,0.237875,True
syn_0184_chr4_69394625,4000,3.551914691925049,0.17809025943279266,0.329,0.237875,True
syn_0201_chr7_15318872,1000,1.2460381984710693,0.0637640580534935,0.324125,0.24575,True
syn_0201_chr7_15318872,2000,1.7695093154907227,0.0957116112112999,0.324125,0.24575,True
syn_0201_chr7_15318872,4000,2.650681972503662,0.1102023646235466,0.324125,0.24575,True
syn_0008_chr13_78139346,1000,2.359808921813965,0.10255268961191177,0.3635,0.25825,True
syn_0008_chr13_78139346,2000,2.6352877616882324,0.12325020879507065,0.3635,0.25825,True
syn_0008_chr13_78139346,4000,3.042558431625366,0.14454153180122375,0.3635,0.25825,True
syn_0212_chr7_65973083,1000,1.168520450592041,0.04951300844550133,0.543,0.542125,True
syn_0212_chr7_65973083,2000,2.184455633163452,0.0944121927022934,0.543,0.542125,True
syn_0212_chr7_65973083,4000,2.6378703117370605,0.12563356757164001,0.543,0.542125,True
syn_0118_chr9_41155736,1000,1.9854289293289185,0.13711954653263092,0.356125,0.22375,True
syn_0118_chr9_41155736,2000,2.8884458541870117,0.22191058099269867,0.356125,0.22375,True
syn_0118_chr9_41155736,4000,3.861006259918213,0.3424644470214844,0.356125,0.22375,True
syn_0028_chr2_222675766,1000,1.5433247089385986,0.06657420843839645,0.385,0.6645,True
syn_0028_chr2_222675766,2000,2.1011290550231934,0.08556763827800751,0.385,0.6645,True
syn_0028_chr2_222675766,4000,3.859525203704834,0.1713574379682541,0.385,0.6645,True
syn_0198_chr2_111410362,1000,0.9144881963729858,0.03783011808991432,0.48775,0.14475,True
syn_0198_chr2_111410362,2000,1.4905321598052979,0.07147836685180664,0.48775,0.14475,True
syn_0198_chr2_111410362,4000,1.7779954671859741,0.07200895994901657,0.48775,0.14475,True
syn_0045_chr3_72379953,1000,1.232855200767517,0.09966551512479782,0.40625,0.128875,True
syn_0045_chr3_72379953,2000,2.0383644104003906,0.22318577766418457,0.40625,0.128875,True
syn_0045_chr3_72379953,4000,3.832479953765869,0.4817727208137512,0.40625,0.128875,True
syn_0239_chr4_45107524,1000,1.6919718980789185,0.08313392847776413,0.351875,0.731875,False
syn_0239_chr4_45107524,2000,2.7507879734039307,0.1299217939376831,0.351875,0.731875,False
syn_0239_chr4_45107524,4000,5.453993797302246,0.28902289271354675,0.351875,0.731875,False
syn_0117_chr9_26082385,1000,2.0377583503723145,0.10668232291936874,0.34475,0.4995,True
syn_0117_chr9_26082385,2000,2.7898120880126953,0.1360834687948227,0.34475,0.4995,True
syn_0117_chr9_26082385,4000,4.649692535400391,0.2501850426197052,0.34475,0.4995,True
syn_0296_chr21_43292446,1000,1.8932077884674072,0.09225058555603027,0.53475,0.533875,False
syn_0296_chr21_43292446,2000,2.91019344329834,0.15999799966812134,0.53475,0.533875,False
syn_0296_chr21_43292446,4000,4.099855899810791,0.20630310475826263,0.53475,0.533875,False
syn_0093_chr12_78243338,1000,1.353725552558899,0.07073847949504852,0.372375,0.3425,False
syn_0093_chr12_78243338,2000,2.2145743370056152,0.10924877226352692,0.372375,0.3425,False
syn_0093_chr12_78243338,4000,3.0065877437591553,0.11812485754489899,0.372375,0.3425,False
syn_0092_chr12_75858902,1000,1.3414044380187988,0.0846152976155281,0.409375,0.551,True
syn_0092_chr12_75858902,2000,2.0870025157928467,0.11572954803705215,0.409375,0.551,True
syn_0092_chr12_75858902,4000,2.924262046813965,0.14623458683490753,0.409375,0.551,True
syn_0041_chr20_21376163,1000,1.596167802810669,0.132063627243042,0.372375,0.1165,True
syn_0041_chr20_21376163,2000,2.5887997150421143,0.30124157667160034,0.372375,0.1165,True
syn_0041_chr20_21376163,4000,5.253503799438477,0.8031710982322693,0.372375,0.1165,True
syn_0241_chr5_27189679,1000,2.3504419326782227,0.11150633543729782,0.329,0.612625,False
syn_0241_chr5_27189679,2000,3.527735710144043,0.15794464945793152,0.329,0.612625,False
syn_0241_chr5_27189679,4000,5.6005120277404785,0.27264222502708435,0.329,0.612625,False
syn_0267_chr10_129346597,1000,1.281113862991333,0.054091278463602066,0.473625,0.44,False
syn_0267_chr10_129346597,2000,2.112969160079956,0.0984627977013588,0.473625,0.44,False
syn_0267_chr10_129346597,4000,3.4741573333740234,0.18616130948066711,0.473625,0.44,False
syn_0126_chr11_85944626,1000,1.2000941038131714,0.0581529401242733,0.419125,0.594,False
syn_0126_chr11_85944626,2000,2.0402283668518066,0.09919530153274536,0.419125,0.594,False
syn_0126_chr11_85944626,4000,2.5824387073516846,0.10694582760334015,0.419125,0.594,False
syn_0214_chr21_33919787,1000,0.9247674345970154,0.040387287735939026,0.43725,0.581,True
syn_0214_chr21_33919787,2000,1.7296876907348633,0.09816523641347885,0.43725,0.581,True
syn_0214_chr21_33919787,4000,2.951691150665283,0.15219303965568542,0.43725,0.581,True
syn_0162_chr12_9138009,1000,1.6757071018218994,0.0976150631904602,0.366375,0.99625,False
syn_0162_chr12_9138009,2000,3.3513615131378174,0.19496655464172363,0.366375,0.99625,False
syn_0162_chr12_9138009,4000,5.192082405090332,0.25458887219429016,0.366375,0.99625,False
syn_0195_chr18_67692163,1000,1.413924217224121,0.05682770907878876,0.345375,0.451,True
syn_0195_chr18_67692163,2000,2.171668291091919,0.11931168287992477,0.345375,0.451,True
syn_0195_chr18_67692163,4000,3.4465692043304443,0.16284185647964478,0.345375,0.451,True
syn_0100_chr2_145819534,1000,1.130756139755249,0.05915015563368797,0.36375,0.3725,True
syn_0100_chr2_145819534,2000,1.3487014770507812,0.06678804755210876,0.36375,0.3725,True
syn_0100_chr2_145819534,4000,2.3921852111816406,0.09214472025632858,0.36375,0.3725,True
syn_0170_chr2_7140771,1000,1.0294485092163086,0.045208632946014404,0.40725,0.52275,True
syn_0170_chr2_7140771,2000,1.5156062841415405,0.07201330363750458,0.40725,0.52275,True
syn_0170_chr2_7140771,4000,2.6424591541290283,0.12279525399208069,0.40725,0.52275,True
syn_0169_chr9_105804246,1000,1.2178370952606201,0.05384659394621849,0.424125,1.0,False
syn_0169_chr9_105804246,2000,1.6378774642944336,0.07097525149583817,0.424125,1.0,False
syn_0169_chr9_105804246,4000,2.154974937438965,0.09704408794641495,0.424125,1.0,False
syn_0231_chr2_128947124,1000,1.3075779676437378,0.05005025491118431,0.464,0.58275,False
syn_0231_chr2_128947124,2000,2.00970196723938,0.08318917453289032,0.464,0.58275,False
syn_0231_chr2_128947124,4000,3.372359037399292,0.167425274848938,0.464,0.58275,False
syn_0223_chr2_180346474,1000,2.2087669372558594,0.1137719452381134,0.368125,0.63275,False
syn_0223_chr2_180346474,2000,3.1224524974823,0.16023075580596924,0.368125,0.63275,False
syn_0223_chr2_180346474,4000,3.8832595348358154,0.18813399970531464,0.368125,0.63275,False
syn_0113_chr1_61586980,1000,1.8901469707489014,0.09010141342878342,0.43175,0.492625,True
syn_0113_chr1_61586980,2000,2.6586923599243164,0.11698169261217117,0.43175,0.492625,True
syn_0113_chr1_61586980,4000,3.6439929008483887,0.13914044201374054,0.43175,0.492625,True
syn_0197_chr22_19046661,1000,1.916506290435791,0.09221800416707993,0.459625,0.668125,True
syn_0197_chr22_19046661,2000,3.533921718597412,0.20543065667152405,0.459625,0.668125,True
syn_0197_chr22_19046661,4000,5.623729705810547,0.35642358660697937,0.459625,0.668125,True
syn_0107_chr1_15819139,1000,1.6601953506469727,0.08450276404619217,0.474875,0.811,False
syn_0107_chr1_15819139,2000,1.920154094696045,0.07635016739368439,0.474875,0.811,False
syn_0107_chr1_15819139,4000,2.888533115386963,0.11859172582626343,0.474875,0.811,False
syn_0199_chr9_105196397,1000,1.8681764602661133,0.09110666811466217,0.410875,0.59875,True
syn_0199_chr9_105196397,2000,2.3483855724334717,0.11605578660964966,0.410875,0.59875,True
syn_0199_chr9_105196397,4000,3.021134614944458,0.1379852294921875,0.410875,0.59875,True
syn_0056_chr14_95803670,1000,1.889223337173462,0.08141861110925674,0.443625,0.47225,False
syn_0056_chr14_95803670,2000,2.8948545455932617,0.12908156216144562,0.443625,0.47225,False
syn_0056_chr14_95803670,4000,3.977647542953491,0.1740318238735199,0.443625,0.47225,False
syn_0026_chr11_119827612,1000,1.1260929107666016,0.06554234027862549,0.502625,0.34425,True
syn_0026_chr11_119827612,2000,1.7594486474990845,0.11622415482997894,0.502625,0.34425,True
syn_0026_chr11_119827612,4000,2.2909414768218994,0.1303718239068985,0.502625,0.34425,True
syn_0004_chr16_33847837,1000,2.4922094345092773,0.14071600139141083,0.389125,0.316875,True
syn_0004_chr16_33847837,2000,2.7371230125427246,0.1409129500389099,0.389125,0.316875,True
syn_0004_chr16_33847837,4000,3.218153476715088,0.1438600718975067,0.389125,0.316875,True
syn_0119_chr19_22171659,1000,1.0230035781860352,0.06765541434288025,0.318375,0.505375,True
syn_0119_chr19_22171659,2000,1.5333091020584106,0.0776384249329567,0.318375,0.505375,True
syn_0119_chr19_22171659,4000,3.4076921939849854,0.16986684501171112,0.318375,0.505375,True
syn_0019_chr13_109956102,1000,1.773476004600525,0.09857998043298721,0.413625,0.621125,False
syn_0019_chr13_109956102,2000,3.2443881034851074,0.16947750747203827,0.413625,0.621125,False
syn_0019_chr13_109956102,4000,5.368873119354248,0.2662619352340698,0.413625,0.621125,False
syn_0042_chr14_86654570,1000,1.058234691619873,0.06905542314052582,0.37325,0.396625,False
syn_0042_chr14_86654570,2000,1.2688051462173462,0.06140783801674843,0.37325,0.396625,False
syn_0042_chr14_86654570,4000,3.437784194946289,0.16926109790802002,0.37325,0.396625,False
syn_0095_chr3_148105278,1000,0.865850031375885,0.04629689082503319,0.350375,0.398125,True
syn_0095_chr3_148105278,2000,1.3908042907714844,0.058955103158950806,0.350375,0.398125,True
syn_0095_chr3_148105278,4000,2.677586317062378,0.1506994664669037,0.350375,0.398125,True
syn_0143_chr17_56284688,1000,1.5574557781219482,0.0752931609749794,0.40975,0.250125,True
syn_0143_chr17_56284688,2000,1.8416414260864258,0.08587991446256638,0.40975,0.250125,True
syn_0143_chr17_56284688,4000,2.5388522148132324,0.12423262745141983,0.40975,0.250125,True
syn_0043_chr8_50109843,1000,1.4617180824279785,0.0663146898150444,0.374125,0.5455,True
syn_0043_chr8_50109843,2000,2.1979520320892334,0.0841388925909996,0.374125,0.5455,True
syn_0043_chr8_50109843,4000,3.25496244430542,0.12797223031520844,0.374125,0.5455,True
syn_0146_chr3_150280599,1000,1.315036416053772,0.06085577607154846,0.37175,0.605375,True
syn_0146_chr3_150280599,2000,2.138773202896118,0.09528447687625885,0.37175,0.605375,True
syn_0146_chr3_150280599,4000,3.9036245346069336,0.18558335304260254,0.37175,0.605375,True
syn_0120_chr1_239061181,1000,1.002665400505066,0.060036081820726395,0.31575,0.5595,False
syn_0120_chr1_239061181,2000,1.41706120967865,0.08226791024208069,0.31575,0.5595,False
syn_0120_chr1_239061181,4000,2.499317169189453,0.11513368040323257,0.31575,0.5595,False
syn_0191_chr1_190030707,1000,1.2033493518829346,0.057692717760801315,0.33625,0.62225,False
syn_0191_chr1_190030707,2000,2.208871364593506,0.1277266889810562,0.33625,0.62225,False
syn_0191_chr1_190030707,4000,3.0151963233947754,0.14666834473609924,0.33625,0.62225,False
syn_0125_chr4_161662898,1000,1.1031497716903687,0.057378049939870834,0.362875,0.731375,True
syn_0125_chr4_161662898,2000,2.217628002166748,0.10710718482732773,0.362875,0.731375,True
syn_0125_chr4_161662898,4000,4.816339492797852,0.23564361035823822,0.362875,0.731375,True
syn_0297_chr21_26797471,1000,0.7915387153625488,0.045501355081796646,0.4035,0.27875,False
syn_0297_chr21_26797471,2000,1.0620754957199097,0.05074748396873474,0.4035,0.27875,False
syn_0297_chr21_26797471,4000,2.0227136611938477,0.10417067259550095,0.4035,0.27875,False
syn_0017_chr8_15813513,1000,1.5911221504211426,0.07878003269433975,0.357625,0.35075,False
syn_0017_chr8_15813513,2000,2.0993776321411133,0.11634811758995056,0.357625,0.35075,False
syn_0017_chr8_15813513,4000,2.397573709487915,0.09858295321464539,0.357625,0.35075,False
syn_0141_chr18_3844587,1000,2.127040386199951,0.09751420468091965,0.376625,0.5435,True
syn_0141_chr18_3844587,2000,2.2654011249542236,0.09227994084358215,0.376625,0.5435,True
syn_0141_chr18_3844587,4000,3.3688690662384033,0.13521026074886322,0.376625,0.5435,True
syn_0142_chr6_115071195,1000,1.3386324644088745,0.08105450868606567,0.340375,0.404125,False
syn_0142_chr6_115071195,2000,1.4005485773086548,0.06822219491004944,0.340375,0.404125,False
syn_0142_chr6_115071195,4000,2.309631824493408,0.10189967602491379,0.340375,0.404125,False
syn_0145_chr17_30033703,1000,2.0000739097595215,0.11456748098134995,0.384,0.8265,True
syn_0145_chr17_30033703,2000,2.4064581394195557,0.11824875324964523,0.384,0.8265,True
syn_0145_chr17_30033703,4000,4.0990376472473145,0.24097305536270142,0.384,0.8265,True
syn_0106_chr10_114496181,1000,1.4084484577178955,0.0972202941775322,0.422875,0.43125,True
syn_0106_chr10_114496181,2000,2.049466609954834,0.14898250997066498,0.422875,0.43125,True
syn_0106_chr10_114496181,4000,3.6959266662597656,0.2530277669429779,0.422875,0.43125,True
syn_0238_chr10_2245111,1000,0.9787914752960205,0.044302232563495636,0.403375,0.319,False
syn_0238_chr10_2245111,2000,1.87288236618042,0.07792781293392181,0.403375,0.319,False
syn_0238_chr10_2245111,4000,3.623122215270996,0.15874573588371277,0.403375,0.319,False
syn_0037_chr9_68532882,1000,2.5673184394836426,0.19885367155075073,0.4225,0.3015,True
syn_0037_chr9_68532882,2000,3.059481382369995,0.2481234073638916,0.4225,0.3015,True
syn_0037_chr9_68532882,4000,3.40138840675354,0.28226763010025024,0.4225,0.3015,True
syn_0124_chr8_139555833,1000,1.9438093900680542,0.08783213794231415,0.449,0.341,False
syn_0124_chr8_139555833,2000,2.71505069732666,0.13124844431877136,0.449,0.341,False
syn_0124_chr8_139555833,4000,3.7664904594421387,0.18421076238155365,0.449,0.341,False
syn_0110_chr8_58438333,1000,1.734061598777771,0.11915051192045212,0.3775,0.338375,True
syn_0110_chr8_58438333,2000,2.4707467555999756,0.2577294409275055,0.3775,0.338375,True
syn_0110_chr8_58438333,4000,3.771866798400879,0.4728776812553406,0.3775,0.338375,True
syn_0157_chr18_23367331,1000,1.983730435371399,0.13057971000671387,0.463875,0.507,True
syn_0157_chr18_23367331,2000,2.7181248664855957,0.18888098001480103,0.463875,0.507,True
syn_0157_chr18_23367331,4000,3.6028358936309814,0.2296946942806244,0.463875,0.507,True
syn_0283_chr9_20133580,1000,1.2514169216156006,0.0634763240814209,0.384875,0.17575,False
syn_0283_chr9_20133580,2000,1.4325333833694458,0.0707840546965599,0.384875,0.17575,False
syn_0283_chr9_20133580,4000,2.3629379272460938,0.1159968376159668,0.384875,0.17575,False
syn_0139_chr22_29976913,1000,1.8766095638275146,0.22944577038288116,0.401875,0.351125,True
syn_0139_chr22_29976913,2000,2.8097333908081055,0.39770394563674927,0.401875,0.351125,True
syn_0139_chr22_29976913,4000,5.12070369720459,0.573216438293457,0.401875,0.351125,True
syn_0177_chr11_64059491,1000,1.007396936416626,0.05005776882171631,0.5765,0.394875,True
syn_0177_chr11_64059491,2000,1.2578883171081543,0.05564647912979126,0.5765,0.394875,True
syn_0177_chr11_64059491,4000,2.2151761054992676,0.10794289410114288,0.5765,0.394875,True
syn_0151_chr4_185002972,1000,1.1232150793075562,0.045945264399051666,0.4995,0.496,True
syn_0151_chr4_185002972,2000,2.106940269470215,0.07616650313138962,0.4995,0.496,True
syn_0151_chr4_185002972,4000,4.168478965759277,0.17100530862808228,0.4995,0.496,True
syn_0224_chr3_152684571,1000,3.0539391040802,0.18631425499916077,0.3995,0.881625,False
syn_0224_chr3_152684571,2000,4.981234073638916,0.30430343747138977,0.3995,0.881625,False
syn_0224_chr3_152684571,4000,6.550910949707031,0.4007990062236786,0.3995,0.881625,False
syn_0112_chr12_107141452,1000,1.3778669834136963,0.06709537655115128,0.410125,0.633375,False
syn_0112_chr12_107141452,2000,1.6599528789520264,0.07660568505525589,0.410125,0.633375,False
syn_0112_chr12_107141452,4000,3.091970920562744,0.1355036199092865,0.410125,0.633375,False
syn_0259_chr11_127508425,1000,2.3129656314849854,0.1308954358100891,0.337875,0.982875,False
syn_0259_chr11_127508425,2000,3.728433132171631,0.21214336156845093,0.337875,0.982875,False
syn_0259_chr11_127508425,4000,6.9615373611450195,0.39321354031562805,0.337875,0.982875,False
syn_0098_chr19_3611580,1000,1.30592942237854,0.09112673997879028,0.631875,0.253125,True
syn_0098_chr19_3611580,2000,2.720160961151123,0.16819792985916138,0.631875,0.253125,True
syn_0098_chr19_3611580,4000,4.617657661437988,0.26351073384284973,0.631875,0.253125,True
syn_0260_chr4_151367993,1000,1.4772478342056274,0.07738279551267624,0.393125,0.691125,False
syn_0260_chr4_151367993,2000,1.7946279048919678,0.10746636986732483,0.393125,0.691125,False
syn_0260_chr4_151367993,4000,2.7836406230926514,0.11369789391756058,0.393125,0.691125,False
syn_0273_chr6_156512184,1000,1.138187289237976,0.08596524596214294,0.427625,0.43975,False
syn_0273_chr6_156512184,2000,1.5131497383117676,0.10639695078134537,0.427625,0.43975,False
syn_0273_chr6_156512184,4000,3.5296974182128906,0.21386688947677612,0.427625,0.43975,False
syn_0049_chr16_86636838,1000,1.0342888832092285,0.042136307805776596,0.485,0.40225,True
syn_0049_chr16_86636838,2000,2.001950740814209,0.08471433073282242,0.485,0.40225,True
syn_0049_chr16_86636838,4000,3.0767741203308105,0.15750955045223236,0.485,0.40225,True
syn_0276_chr13_44335749,1000,1.8725090026855469,0.09338989108800888,0.424,0.62475,False
syn_0276_chr13_44335749,2000,2.2677974700927734,0.10256436467170715,0.424,0.62475,False
syn_0276_chr13_44335749,4000,3.332819700241089,0.17519508302211761,0.424,0.62475,False
syn_0073_chr10_60252238,1000,1.4318342208862305,0.07772547006607056,0.389375,0.34125,True
syn_0073_chr10_60252238,2000,2.2096331119537354,0.11427038162946701,0.389375,0.34125,True
syn_0073_chr10_60252238,4000,3.2415382862091064,0.15895941853523254,0.389375,0.34125,True
syn_0288_chr2_173392465,1000,1.9806767702102661,0.11486645042896271,0.410875,0.17875,False
syn_0288_chr2_173392465,2000,2.3927247524261475,0.11796419322490692,0.410875,0.17875,False
syn_0288_chr2_173392465,4000,3.6675689220428467,0.22095708549022675,0.410875,0.17875,False
syn_0234_chr2_127814983,1000,2.7166249752044678,0.1695123016834259,0.45675,0.8665,False
syn_0234_chr2_127814983,2000,3.7125158309936523,0.2226637452840805,0.45675,0.8665,False
syn_0234_chr2_127814983,4000,4.936387062072754,0.2929265797138214,0.45675,0.8665,False
syn_0270_chr3_137906278,1000,2.4490714073181152,0.13491788506507874,0.39075,0.9515,False
syn_0270_chr3_137906278,2000,4.1697187423706055,0.24529725313186646,0.39075,0.9515,False
syn_0270_chr3_137906278,4000,7.4658732414245605,0.4662620723247528,0.39075,0.9515,False
syn_0067_chr17_38302525,1000,2.0509214401245117,0.3474043309688568,0.452,0.86775,True
syn_0067_chr17_38302525,2000,2.7274794578552246,0.350376158952713,0.452,0.86775,True
syn_0067_chr17_38302525,4000,4.679083824157715,0.4287434220314026,0.452,0.86775,True
syn_0220_chr12_81798227,1000,1.7716705799102783,0.087984099984169,0.354125,0.444375,False
syn_0220_chr12_81798227,2000,2.39876389503479,0.11856939643621445,0.354125,0.444375,False
syn_0220_chr12_81798227,4000,3.522425413131714,0.18470865488052368,0.354125,0.444375,False
syn_0221_chr6_76201657,1000,1.8689749240875244,0.07680153846740723,0.352875,0.58675,False
syn_0221_chr6_76201657,2000,2.354698896408081,0.10023258626461029,0.352875,0.58675,False
syn_0221_chr6_76201657,4000,3.283801317214966,0.14838232100009918,0.352875,0.58675,False
syn_0074_chr11_9022978,1000,1.8183668851852417,0.08153559267520905,0.46375,0.318375,True
syn_0074_chr11_9022978,2000,1.9706437587738037,0.07533011585474014,0.46375,0.318375,True
syn_0074_chr11_9022978,4000,3.168489456176758,0.11972673237323761,0.46375,0.318375,True
syn_0292_chr5_57878101,1000,1.1200847625732422,0.04291224107146263,0.4065,0.415,False
syn_0292_chr5_57878101,2000,1.9917168617248535,0.0908806174993515,0.4065,0.415,False
syn_0292_chr5_57878101,4000,3.1217739582061768,0.14949578046798706,0.4065,0.415,False
syn_0010_chr17_1954102,1000,1.5744683742523193,0.06848391890525818,0.504375,0.6655,True
syn_0010_chr17_1954102,2000,2.1600723266601562,0.09188717603683472,0.504375,0.6655,True
syn_0010_chr17_1954102,4000,2.8263027667999268,0.1134718656539917,0.504375,0.6655,True
syn_0251_chr2_2336869,1000,1.6876612901687622,0.07912637293338776,0.416875,0.291125,False
syn_0251_chr2_2336869,2000,2.348679542541504,0.10021203011274338,0.416875,0.291125,False
syn_0251_chr2_2336869,4000,3.227847099304199,0.13847917318344116,0.416875,0.291125,False
syn_0087_chr3_65801445,1000,2.1490213871002197,0.11999817192554474,0.397,0.5805,True
syn_0087_chr3_65801445,2000,3.497809886932373,0.17655125260353088,0.397,0.5805,True
syn_0087_chr3_65801445,4000,4.615292549133301,0.26891425251960754,0.397,0.5805,True
syn_0247_chr5_166763276,1000,1.4839046001434326,0.06927954405546188,0.385125,0.47325,False
syn_0247_chr5_166763276,2000,1.794872522354126,0.07588817924261093,0.385125,0.47325,False
syn_0247_chr5_166763276,4000,2.2660117149353027,0.09419796615839005,0.385125,0.47325,False
syn_0167_chr14_101771124,1000,1.4653791189193726,0.10862816870212555,0.475,0.55675,True
syn_0167_chr14_101771124,2000,2.229696750640869,0.13450533151626587,0.475,0.55675,True
syn_0167_chr14_101771124,4000,3.728778600692749,0.18212425708770752,0.475,0.55675,True
syn_0058_chr4_92608789,1000,1.9287431240081787,0.09696900099515915,0.32225,0.849375,True
syn_0058_chr4_92608789,2000,3.7140979766845703,0.19472907483577728,0.32225,0.849375,True
syn_0058_chr4_92608789,4000,6.295111656188965,0.33121004700660706,0.32225,0.849375,True
syn_0210_chr10_44424460,1000,2.1337482929229736,0.10111796855926514,0.462125,0.55375,False
syn_0210_chr10_44424460,2000,3.0540778636932373,0.1477460116147995,0.462125,0.55375,False
syn_0210_chr10_44424460,4000,5.102038383483887,0.2648874819278717,0.462125,0.55375,False
syn_0048_chr14_48671197,1000,2.3274545669555664,0.1249004378914833,0.358375,0.880625,False
syn_0048_chr14_48671197,2000,4.001058578491211,0.22151440382003784,0.358375,0.880625,False
syn_0048_chr14_48671197,4000,6.896968841552734,0.3791644275188446,0.358375,0.880625,False
syn_0007_chr19_46935758,1000,1.3251843452453613,0.05315782129764557,0.44025,0.552125,True
syn_0007_chr19_46935758,2000,1.8126509189605713,0.07453835010528564,0.44025,0.552125,True
syn_0007_chr19_46935758,4000,3.5366036891937256,0.31787022948265076,0.44025,0.552125,True
syn_0038_chr1_78219535,1000,1.2934571504592896,0.07322108745574951,0.40125,0.547,False
syn_0038_chr1_78219535,2000,2.115957736968994,0.1380663812160492,0.40125,0.547,False
syn_0038_chr1_78219535,4000,4.133604049682617,0.21697193384170532,0.40125,0.547,False
syn_0291_chr3_40939175,1000,1.718193531036377,0.07569116353988647,0.3695,0.88775,False
syn_0291_chr3_40939175,2000,3.3740482330322266,0.17018988728523254,0.3695,0.88775,False
syn_0291_chr3_40939175,4000,5.787745475769043,0.31071937084198,0.3695,0.88775,False
syn_0204_chr11_15397246,1000,2.1902475357055664,0.11892621964216232,0.375625,0.9405,False
syn_0204_chr11_15397246,2000,3.765131711959839,0.20065288245677948,0.375625,0.9405,False
syn_0204_chr11_15397246,4000,6.243685722351074,0.3198671340942383,0.375625,0.9405,False
syn_0245_chr3_118816105,1000,1.5655617713928223,0.08677994459867477,0.375875,0.306875,False
syn_0245_chr3_118816105,2000,2.0429844856262207,0.09365659952163696,0.375875,0.306875,False
syn_0245_chr3_118816105,4000,2.6119539737701416,0.12151288241147995,0.375875,0.306875,False
syn_0057_chr13_50128094,1000,0.733873188495636,0.041827041655778885,0.49425,0.06275,True
syn_0057_chr13_50128094,2000,0.9888305068016052,0.05919279903173447,0.49425,0.06275,True
syn_0057_chr13_50128094,4000,1.3041388988494873,0.07359147816896439,0.49425,0.06275,True
syn_0176_chr2_157323634,1000,1.0870168209075928,0.04627338796854019,0.403,0.33375,True
syn_0176_chr2_157323634,2000,1.788122534751892,0.07824759185314178,0.403,0.33375,True
syn_0176_chr2_157323634,4000,3.0331437587738037,0.12973181903362274,0.403,0.33375,True
syn_0285_chr1_91173450,1000,1.3335751295089722,0.08656816184520721,0.435875,0.498125,False
syn_0285_chr1_91173450,2000,1.5344140529632568,0.09693382680416107,0.435875,0.498125,False
syn_0285_chr1_91173450,4000,2.4615087509155273,0.14447110891342163,0.435875,0.498125,False
syn_0094_chr6_81230163,1000,1.4980350732803345,0.060168761759996414,0.327125,0.351625,False
syn_0094_chr6_81230163,2000,2.0990028381347656,0.08621979504823685,0.327125,0.351625,False
syn_0094_chr6_81230163,4000,3.445780038833618,0.14000177383422852,0.327125,0.351625,False
syn_0294_chr21_27569211,1000,1.3047542572021484,0.08483702689409256,0.36325,0.486875,False
syn_0294_chr21_27569211,2000,2.4742841720581055,0.13803933560848236,0.36325,0.486875,False
syn_0294_chr21_27569211,4000,4.002315521240234,0.22145892679691315,0.36325,0.486875,False
syn_0226_chr6_93834579,1000,1.3952336311340332,0.05888915807008743,0.390375,0.916625,False
syn_0226_chr6_93834579,2000,2.463787078857422,0.10881255567073822,0.390375,0.916625,False
syn_0226_chr6_93834579,4000,4.920305252075195,0.24548806250095367,0.390375,0.916625,False
syn_0152_chr14_73383451,1000,1.943809986114502,0.11522144079208374,0.409375,0.709375,True
syn_0152_chr14_73383451,2000,3.116971015930176,0.217901349067688,0.409375,0.709375,True
syn_0152_chr14_73383451,4000,2.9156765937805176,0.15974174439907074,0.409375,0.709375,True
syn_0046_chr7_86973230,1000,1.8268431425094604,0.15023687481880188,0.37975,0.5545,True
syn_0046_chr7_86973230,2000,3.2085366249084473,0.21473225951194763,0.37975,0.5545,True
syn_0046_chr7_86973230,4000,4.5006818771362305,0.2621959447860718,0.37975,0.5545,True
syn_0066_chr5_7389848,1000,1.0436087846755981,0.055171530693769455,0.494,0.0735,True
syn_0066_chr5_7389848,2000,1.4228206872940063,0.06923115998506546,0.494,0.0735,True
syn_0066_chr5_7389848,4000,2.333470344543457,0.12872114777565002,0.494,0.0735,True
syn_0150_chr4_167932626,1000,3.211726665496826,0.16955094039440155,0.398875,0.40075,False
syn_0150_chr4_167932626,2000,3.3775296211242676,0.17312440276145935,0.398875,0.40075,False
syn_0150_chr4_167932626,4000,3.4126007556915283,0.1338287740945816,0.398875,0.40075,False
syn_0248_chr13_102461566,1000,1.5534424781799316,0.07772642374038696,0.379375,0.593,False
syn_0248_chr13_102461566,2000,2.4925332069396973,0.11888670921325684,0.379375,0.593,False
syn_0248_chr13_102461566,4000,4.047501564025879,0.17739740014076233,0.379375,0.593,False
syn_0039_chr12_47685839,1000,1.1834595203399658,0.05962580814957619,0.36325,0.55125,True
syn_0039_chr12_47685839,2000,2.876347064971924,0.3494126498699188,0.36325,0.55125,True
syn_0039_chr12_47685839,4000,4.595376014709473,0.46205392479896545,0.36325,0.55125,True
syn_0099_chr4_162273643,1000,1.0764849185943604,0.057347748428583145,0.323,0.31625,False
syn_0099_chr4_162273643,2000,1.326084852218628,0.06766785681247711,0.323,0.31625,False
syn_0099_chr4_162273643,4000,2.783194065093994,0.12189886718988419,0.323,0.31625,False
syn_0228_chr9_74233178,1000,0.6442800760269165,0.027927014976739883,0.349125,0.664125,False
syn_0228_chr9_74233178,2000,1.426721453666687,0.08147284388542175,0.349125,0.664125,False
syn_0228_chr9_74233178,4000,2.574586868286133,0.1249890923500061,0.349125,0.664125,False
syn_0257_chr12_4002343,1000,1.291123628616333,0.05447787418961525,0.4655,0.437625,False
syn_0257_chr12_4002343,2000,2.047880172729492,0.07961180061101913,0.4655,0.437625,False
syn_0257_chr12_4002343,4000,3.3038835525512695,0.1252060979604721,0.4655,0.437625,False
syn_0185_chr2_181189170,1000,1.7668710947036743,0.09258849173784256,0.340625,0.208375,True
syn_0185_chr2_181189170,2000,2.6784136295318604,0.13875903189182281,0.340625,0.208375,True
syn_0185_chr2_181189170,4000,3.64033579826355,0.18974731862545013,0.340625,0.208375,True
syn_0293_chr6_37101588,1000,1.1554844379425049,0.0632343590259552,0.48075,0.50925,False
syn_0293_chr6_37101588,2000,1.8224148750305176,0.07756654173135757,0.48075,0.50925,False
syn_0293_chr6_37101588,4000,2.324723243713379,0.09156323224306107,0.48075,0.50925,False
syn_0068_chr22_11582009,1000,1.3724684715270996,0.06520044058561325,0.39475,0.7225,False
syn_0068_chr22_11582009,2000,2.1832516193389893,0.1030929833650589,0.39475,0.7225,False
syn_0068_chr22_11582009,4000,4.287609100341797,0.22434107959270477,0.39475,0.7225,False
syn_0174_chr19_55131544,1000,1.558618187904358,0.06359334290027618,0.541625,0.65925,True
syn_0174_chr19_55131544,2000,1.9908066987991333,0.07776518166065216,0.541625,0.65925,True
syn_0174_chr19_55131544,4000,3.1923418045043945,0.12662364542484283,0.541625,0.65925,True
syn_0015_chr2_119425666,1000,1.2252697944641113,0.06371143460273743,0.54325,0.291375,True
syn_0015_chr2_119425666,2000,1.4438704252243042,0.0691540539264679,0.54325,0.291375,True
syn_0015_chr2_119425666,4000,2.6403093338012695,0.10270211100578308,0.54325,0.291375,True
syn_0243_chr5_2269955,1000,1.8433241844177246,0.10152711719274521,0.495625,0.2315,False
syn_0243_chr5_2269955,2000,2.359711170196533,0.12697483599185944,0.495625,0.2315,False
syn_0243_chr5_2269955,4000,3.3214852809906006,0.17942123115062714,0.495625,0.2315,False
syn_0077_chr9_132307177,1000,1.6301349401474,0.08277945965528488,0.3985,0.66625,True
syn_0077_chr9_132307177,2000,3.7702505588531494,0.48271384835243225,0.3985,0.66625,True
syn_0077_chr9_132307177,4000,5.453765392303467,0.6719666719436646,0.3985,0.66625,True
syn_0127_chr12_28773373,1000,0.9059858322143555,0.046836525201797485,0.389375,0.349875,False
syn_0127_chr12_28773373,2000,1.3001337051391602,0.06168704107403755,0.389375,0.349875,False
syn_0127_chr12_28773373,4000,2.1518542766571045,0.08788098394870758,0.389375,0.349875,False
syn_0166_chr8_89360452,1000,1.2368342876434326,0.08572560548782349,0.344625,0.2905,False
syn_0166_chr8_89360452,2000,1.950529932975769,0.1103399321436882,0.344625,0.2905,False
syn_0166_chr8_89360452,4000,2.6141974925994873,0.13536468148231506,0.344625,0.2905,False
syn_0018_chr5_98403136,1000,0.965858519077301,0.04385621100664139,0.417125,0.261125,True
syn_0018_chr5_98403136,2000,1.5005264282226562,0.08266200125217438,0.417125,0.261125,True
syn_0018_chr5_98403136,4000,2.726123809814453,0.15360485017299652,0.417125,0.261125,True
syn_0086_chr13_87074981,1000,3.3203890323638916,0.22750185430049896,0.368875,0.43275,False
syn_0086_chr13_87074981,2000,2.9828572273254395,0.1789187490940094,0.368875,0.43275,False
syn_0086_chr13_87074981,4000,4.409231185913086,0.22900108993053436,0.368875,0.43275,False
syn_0063_chr2_144368418,1000,1.0967981815338135,0.05175413936376572,0.392,0.248125,True
syn_0063_chr2_144368418,2000,1.6695666313171387,0.0719795897603035,0.392,0.248125,True
syn_0063_chr2_144368418,4000,2.1962201595306396,0.0899113193154335,0.392,0.248125,True
syn_0035_chr1_89408799,1000,2.659457206726074,0.14969965815544128,0.368875,0.846,True
syn_0035_chr1_89408799,2000,3.2423601150512695,0.16617247462272644,0.368875,0.846,True
syn_0035_chr1_89408799,4000,5.037925720214844,0.2675287127494812,0.368875,0.846,True
syn_0209_chr8_94715632,1000,1.9258265495300293,0.30996015667915344,0.458625,0.44925,True
syn_0209_chr8_94715632,2000,2.518049955368042,0.32444894313812256,0.458625,0.44925,True
syn_0209_chr8_94715632,4000,3.192275047302246,0.36580291390419006,0.458625,0.44925,True
syn_0023_chr3_134696735,1000,1.9399793148040771,0.08157951384782791,0.438875,0.672375,True
syn_0023_chr3_134696735,2000,2.8650128841400146,0.11794047802686691,0.438875,0.672375,True
syn_0023_chr3_134696735,4000,4.010964393615723,0.1698133796453476,0.438875,0.672375,True
syn_0083_chr19_36289107,1000,5.098423004150391,0.3375946879386902,0.64875,0.704375,True
syn_0083_chr19_36289107,2000,9.118857383728027,0.5940269231796265,0.64875,0.704375,True
syn_0083_chr19_36289107,4000,11.651206970214844,0.8478963375091553,0.64875,0.704375,True
syn_0219_chr13_42015992,1000,1.1031986474990845,0.04989978298544884,0.39725,0.461625,False
syn_0219_chr13_42015992,2000,1.9412559270858765,0.07915610820055008,0.39725,0.461625,False
syn_0219_chr13_42015992,4000,2.399442672729492,0.09260567277669907,0.39725,0.461625,False
syn_0050_chr10_122228810,1000,1.287617802619934,0.12276950478553772,0.475375,0.164875,True
syn_0050_chr10_122228810,2000,1.9216763973236084,0.15633000433444977,0.475375,0.164875,True
syn_0050_chr10_122228810,4000,3.296276807785034,0.21387870609760284,0.475375,0.164875,True
syn_0131_chr7_85888357,1000,1.3717801570892334,0.06457889080047607,0.348,0.098625,False
syn_0131_chr7_85888357,2000,1.4693236351013184,0.06969412416219711,0.348,0.098625,False
syn_0131_chr7_85888357,4000,2.0760364532470703,0.11560342460870743,0.348,0.098625,False
syn_0025_chr7_157449472,1000,2.0237278938293457,0.11359094083309174,0.4105,0.955875,False
syn_0025_chr7_157449472,2000,3.432248592376709,0.18877346813678741,0.4105,0.955875,False
syn_0025_chr7_157449472,4000,6.1741943359375,0.34771597385406494,0.4105,0.955875,False
syn_0033_chr15_56193356,1000,2.012824773788452,0.1112903505563736,0.340625,0.455875,True
syn_0033_chr15_56193356,2000,2.835108518600464,0.2029464989900589,0.340625,0.455875,True
syn_0033_chr15_56193356,4000,3.843238115310669,0.23229171335697174,0.340625,0.455875,True
syn_0258_chr14_28530239,1000,2.547433376312256,0.14066004753112793,0.369625,0.80225,False
syn_0258_chr14_28530239,2000,4.199376106262207,0.231342613697052,0.369625,0.80225,False
syn_0258_chr14_28530239,4000,7.8635101318359375,0.4537303149700165,0.369625,0.80225,False
syn_0180_chr11_46790810,1000,1.8586046695709229,0.07171709090471268,0.407875,0.5425,True
syn_0180_chr11_46790810,2000,3.024758815765381,0.16451497375965118,0.407875,0.5425,True
syn_0180_chr11_46790810,4000,5.640737056732178,0.5793968439102173,0.407875,0.5425,True
syn_0013_chr6_113583269,1000,1.219620704650879,0.0688939243555069,0.3805,0.263625,True
syn_0013_chr6_113583269,2000,1.2063214778900146,0.059821438044309616,0.3805,0.263625,True
syn_0013_chr6_113583269,4000,3.012691020965576,0.1450425088405609,0.3805,0.263625,True
syn_0147_chr2_19317823,1000,1.2950811386108398,0.08786237239837646,0.390125,0.34775,True
syn_0147_chr2_19317823,2000,1.6225090026855469,0.11007755994796753,0.390125,0.34775,True
syn_0147_chr2_19317823,4000,2.8859939575195312,0.14258062839508057,0.390125,0.34775,True
syn_0128_chr1_152746229,1000,1.3745663166046143,0.06377045810222626,0.36275,0.446375,False
syn_0128_chr1_152746229,2000,2.167224884033203,0.10931592434644699,0.36275,0.446375,False
syn_0128_chr1_152746229,4000,3.4901139736175537,0.17544887959957123,0.36275,0.446375,False
syn_0172_chr6_48412414,1000,1.094393253326416,0.052572496235370636,0.35925,0.4175,False
syn_0172_chr6_48412414,2000,1.6090588569641113,0.06254120171070099,0.35925,0.4175,False
syn_0172_chr6_48412414,4000,2.4136738777160645,0.09329243004322052,0.35925,0.4175,False
syn_0207_chr18_34832850,1000,1.4274260997772217,0.05849778279662132,0.372125,0.16275,True
syn_0207_chr18_34832850,2000,1.8502384424209595,0.0853547528386116,0.372125,0.16275,True
syn_0207_chr18_34832850,4000,3.195096015930176,0.13267463445663452,0.372125,0.16275,True
syn_0249_chr5_99603119,1000,1.7863247394561768,0.08150770515203476,0.33025,0.572875,False
syn_0249_chr5_99603119,2000,2.9856514930725098,0.14339905977249146,0.33025,0.572875,False
syn_0249_chr5_99603119,4000,3.891531229019165,0.18126174807548523,0.33025,0.572875,False
syn_0060_chr21_24984475,1000,1.6946041584014893,0.08612353354692459,0.398,0.45525,True
syn_0060_chr21_24984475,2000,2.398951292037964,0.12255983799695969,0.398,0.45525,True
syn_0060_chr21_24984475,4000,2.991105556488037,0.12674173712730408,0.398,0.45525,True
syn_0115_chr1_180159343,1000,2.621598958969116,0.17977389693260193,0.44125,0.6045,True
syn_0115_chr1_180159343,2000,3.3480000495910645,0.19068972766399384,0.44125,0.6045,True
syn_0115_chr1_180159343,4000,4.857812404632568,0.2501840889453888,0.44125,0.6045,True
syn_0192_chr12_49202287,1000,1.346601963043213,0.055715132504701614,0.42225,0.72275,True
syn_0192_chr12_49202287,2000,2.29667067527771,0.08999677747488022,0.42225,0.72275,True
syn_0192_chr12_49202287,4000,3.4164021015167236,0.13385067880153656,0.42225,0.72275,True
syn_0097_chr19_44168914,1000,1.7198046445846558,0.08804912865161896,0.398375,0.3375,True
syn_0097_chr19_44168914,2000,3.179043769836426,0.24128039181232452,0.398375,0.3375,True
syn_0097_chr19_44168914,4000,3.9188685417175293,0.35571643710136414,0.398375,0.3375,True
syn_0244_chr11_120087008,1000,0.9474982023239136,0.059386253356933594,0.461125,0.50325,False
syn_0244_chr11_120087008,2000,1.4847831726074219,0.05701153352856636,0.461125,0.50325,False
syn_0244_chr11_120087008,4000,2.3241024017333984,0.07597244530916214,0.461125,0.50325,False
syn_0054_chr11_49746847,1000,1.8490346670150757,0.08237604796886444,0.3445,0.714125,True
syn_0054_chr11_49746847,2000,2.8234615325927734,0.12497247755527496,0.3445,0.714125,True
syn_0054_chr11_49746847,4000,3.795802354812622,0.1657140702009201,0.3445,0.714125,True
syn_0299_chr9_122105890,1000,1.0857560634613037,0.051842235028743744,0.5375,0.411,False
syn_0299_chr9_122105890,2000,2.1581101417541504,0.12387096881866455,0.5375,0.411,False
syn_0299_chr9_122105890,4000,2.418665885925293,0.13254977762699127,0.5375,0.411,False
syn_0070_chr12_68821710,1000,1.6995371580123901,0.07834877818822861,0.385875,0.501625,True
syn_0070_chr12_68821710,2000,2.6271753311157227,0.11091720312833786,0.385875,0.501625,True
syn_0070_chr12_68821710,4000,4.406991004943848,0.45981135964393616,0.385875,0.501625,True
syn_0059_chr5_84420240,1000,1.4069573879241943,0.057442840188741684,0.326,0.531125,True
syn_0059_chr5_84420240,2000,2.1797232627868652,0.09090026468038559,0.326,0.531125,True
syn_0059_chr5_84420240,4000,2.960448741912842,0.1196395680308342,0.326,0.531125,True
syn_0160_chr1_32770113,1000,0.7061287760734558,0.052519917488098145,0.5515,0.21875,True
syn_0160_chr1_32770113,2000,1.7115529775619507,0.11293309181928635,0.5515,0.21875,True
syn_0160_chr1_32770113,4000,2.712376117706299,0.1797569841146469,0.5515,0.21875,True
syn_0193_chr2_18295933,1000,1.0610337257385254,0.041599106043577194,0.331125,0.29525,True
syn_0193_chr2_18295933,2000,1.888504981994629,0.07940707355737686,0.331125,0.29525,True
syn_0193_chr2_18295933,4000,2.7150347232818604,0.12790393829345703,0.331125,0.29525,True
syn_0130_chr21_17528869,1000,1.5517719984054565,0.17865882813930511,0.421,0.582,True
syn_0130_chr21_17528869,2000,3.568450450897217,0.643690824508667,0.421,0.582,True
syn_0130_chr21_17528869,4000,4.860639572143555,0.6926224231719971,0.421,0.582,True
syn_0287_chr3_36200820,1000,1.9487085342407227,0.09417960047721863,0.36125,0.310875,False
syn_0287_chr3_36200820,2000,2.2846226692199707,0.1013960912823677,0.36125,0.310875,False
syn_0287_chr3_36200820,4000,3.2762956619262695,0.1589735746383667,0.36125,0.310875,False
syn_0190_chr2_11428613,1000,1.3202474117279053,0.06119260564446449,0.44125,0.467625,False
syn_0190_chr2_11428613,2000,2.107914447784424,0.0826038271188736,0.44125,0.467625,False
syn_0190_chr2_11428613,4000,3.213695764541626,0.15885695815086365,0.44125,0.467625,False
syn_0202_chr6_90310684,1000,1.6389280557632446,0.07500318437814713,0.42,0.394875,True
syn_0202_chr6_90310684,2000,2.077221393585205,0.09226163476705551,0.42,0.394875,True
syn_0202_chr6_90310684,4000,3.0825185775756836,0.17789919674396515,0.42,0.394875,True
syn_0021_chr2_37454340,1000,1.120949149131775,0.042092643678188324,0.4015,0.358875,False
syn_0021_chr2_37454340,2000,1.4199869632720947,0.054679639637470245,0.4015,0.358875,False
syn_0021_chr2_37454340,4000,1.915403962135315,0.07463699579238892,0.4015,0.358875,False
syn_0282_chr1_18575914,1000,1.6226141452789307,0.07152332365512848,0.51875,0.59425,False
syn_0282_chr1_18575914,2000,1.8304210901260376,0.06739404797554016,0.51875,0.59425,False
syn_0282_chr1_18575914,4000,2.811453342437744,0.10531636327505112,0.51875,0.59425,False
syn_0194_chr7_130235921,1000,1.2927861213684082,0.048491694033145905,0.38475,0.661875,False
syn_0194_chr7_130235921,2000,1.8523808717727661,0.06981435418128967,0.38475,0.661875,False
syn_0194_chr7_130235921,4000,2.667387008666992,0.108260877430439,0.38475,0.661875,False
syn_0101_chr7_64601119,1000,2.504802942276001,0.13545896112918854,0.45275,0.938,True
syn_0101_chr7_64601119,2000,3.5979039669036865,0.20142130553722382,0.45275,0.938,True
syn_0101_chr7_64601119,4000,5.822573184967041,0.3117373287677765,0.45275,0.938,True
syn_0263_chr14_35496256,1000,2.002265214920044,0.09764941781759262,0.360625,0.86675,False
syn_0263_chr14_35496256,2000,3.495561361312866,0.18569374084472656,0.360625,0.86675,False
syn_0263_chr14_35496256,4000,6.517725944519043,0.3669321537017822,0.360625,0.86675,False
syn_0114_chr3_132571134,1000,1.4755033254623413,0.07602569460868835,0.3745,0.423625,True
syn_0114_chr3_132571134,2000,2.491042137145996,0.18151113390922546,0.3745,0.423625,True
syn_0114_chr3_132571134,4000,3.6706604957580566,0.22629806399345398,0.3745,0.423625,True
syn_0085_chr2_196714445,1000,1.962136149406433,0.3006027042865753,0.36075,0.444125,True
syn_0085_chr2_196714445,2000,2.5546600818634033,0.25264212489128113,0.36075,0.444125,True
syn_0085_chr2_196714445,4000,4.533329010009766,0.5155029892921448,0.36075,0.444125,True
syn_0183_chr4_173129702,1000,1.1014881134033203,0.08191478252410889,0.374625,0.2065,True
syn_0183_chr4_173129702,2000,1.29008150100708,0.06871682405471802,0.374625,0.2065,True
syn_0183_chr4_173129702,4000,2.1638071537017822,0.10212897509336472,0.374625,0.2065,True
syn_0009_chr8_104682118,1000,1.8128533363342285,0.08508680760860443,0.399875,0.324625,True
syn_0009_chr8_104682118,2000,2.2572317123413086,0.10508102923631668,0.399875,0.324625,True
syn_0009_chr8_104682118,4000,3.373770236968994,0.16051876544952393,0.399875,0.324625,True
syn_0281_chr14_83737475,1000,1.8061137199401855,0.10678194463253021,0.3245,0.33275,False
syn_0281_chr14_83737475,2000,1.8921089172363281,0.09789900481700897,0.3245,0.33275,False
syn_0281_chr14_83737475,4000,2.265106201171875,0.0884532555937767,0.3245,0.33275,False
syn_0014_chr3_9086404,1000,1.5278754234313965,0.07228580117225647,0.43475,0.450875,True
syn_0014_chr3_9086404,2000,1.910487413406372,0.08395901322364807,0.43475,0.450875,True
syn_0014_chr3_9086404,4000,2.777707099914551,0.13712482154369354,0.43475,0.450875,True
syn_0163_chr7_53149553,1000,0.6953355669975281,0.030820271000266075,0.346125,0.321125,False
syn_0163_chr7_53149553,2000,1.7058240175247192,0.10421164333820343,0.346125,0.321125,False
syn_0163_chr7_53149553,4000,2.76499080657959,0.12291909009218216,0.346125,0.321125,False
syn_0252_chr2_200196494,1000,2.9186196327209473,0.17625248432159424,0.409125,0.958125,False
syn_0252_chr2_200196494,2000,4.599761486053467,0.2690142095088959,0.409125,0.958125,False
syn_0252_chr2_200196494,4000,6.665538787841797,0.40512844920158386,0.409125,0.958125,False
syn_0088_chr8_101166890,1000,1.1230370998382568,0.05232226476073265,0.409125,0.443875,True
syn_0088_chr8_101166890,2000,1.7222445011138916,0.07672641426324844,0.409125,0.443875,True
syn_0088_chr8_101166890,4000,3.234952688217163,0.1633799523115158,0.409125,0.443875,True
syn_0065_chr8_91996797,1000,1.2027058601379395,0.06629804521799088,0.37025,0.183,True
syn_0065_chr8_91996797,2000,2.1995327472686768,0.1168149784207344,0.37025,0.183,True
syn_0065_chr8_91996797,4000,3.2596566677093506,0.18234506249427795,0.37025,0.183,True
syn_0140_chr8_17306670,1000,1.1689337491989136,0.09238672256469727,0.394125,0.31975,True
syn_0140_chr8_17306670,2000,3.1305079460144043,0.3024676740169525,0.394125,0.31975,True
syn_0140_chr8_17306670,4000,4.757830619812012,0.48280417919158936,0.394125,0.31975,True
syn_0075_chr13_98904722,1000,1.4889835119247437,0.09626252204179764,0.393375,0.32225,True
syn_0075_chr13_98904722,2000,2.138704299926758,0.1521809995174408,0.393375,0.32225,True
syn_0075_chr13_98904722,4000,3.3283464908599854,0.32367774844169617,0.393375,0.32225,True
syn_0196_chr4_122817533,1000,1.8597332239151,0.09222560375928879,0.40325,0.886875,False
syn_0196_chr4_122817533,2000,2.529858350753784,0.11379861831665039,0.40325,0.886875,False
syn_0196_chr4_122817533,4000,3.6737771034240723,0.14082707464694977,0.40325,0.886875,False
syn_0213_chr9_78437570,1000,1.8806085586547852,0.08499851077795029,0.481125,0.43875,False
syn_0213_chr9_78437570,2000,1.989370584487915,0.07931751757860184,0.481125,0.43875,False
syn_0213_chr9_78437570,4000,2.625563621520996,0.12037055939435959,0.481125,0.43875,False
syn_0268_chr1_115612220,1000,1.1493980884552002,0.04678836464881897,0.430875,0.72325,False
syn_0268_chr1_115612220,2000,2.4539761543273926,0.11503786593675613,0.430875,0.72325,False
syn_0268_chr1_115612220,4000,3.707329750061035,0.18026137351989746,0.430875,0.72325,False
syn_0109_chr11_74436515,1000,1.3673648834228516,0.0672098696231842,0.418875,0.405375,True
syn_0109_chr11_74436515,2000,2.084994316101074,0.08362507820129395,0.418875,0.405375,True
syn_0109_chr11_74436515,4000,2.942526340484619,0.11581075936555862,0.418875,0.405375,True
syn_0134_chr10_6915686,1000,1.5627179145812988,0.08970372378826141,0.409,0.52275,True
syn_0134_chr10_6915686,2000,1.8321640491485596,0.06815171241760254,0.409,0.52275,True
syn_0134_chr10_6915686,4000,3.3817625045776367,0.1338157057762146,0.409,0.52275,True
syn_0022_chr11_9730208,1000,1.4770822525024414,0.10993865877389908,0.38975,0.582,True
syn_0022_chr11_9730208,2000,2.1492629051208496,0.18809811770915985,0.38975,0.582,True
syn_0022_chr11_9730208,4000,4.839446067810059,0.5499808192253113,0.38975,0.582,True
syn_0187_chr18_58069170,1000,2.299011707305908,0.2105053812265396,0.409125,0.68925,True
syn_0187_chr18_58069170,2000,3.5166637897491455,0.29118141531944275,0.409125,0.68925,True
syn_0187_chr18_58069170,4000,5.275993347167969,0.37537020444869995,0.409125,0.68925,True
syn_0186_chr6_15610734,1000,1.793654203414917,0.10026237368583679,0.39825,0.636,True
syn_0186_chr6_15610734,2000,3.0360255241394043,0.30401167273521423,0.39825,0.636,True
syn_0186_chr6_15610734,4000,3.949215888977051,0.3279595971107483,0.39825,0.636,True
syn_0034_chr5_177613337,1000,1.8260834217071533,0.07367047667503357,0.423625,0.82,True
syn_0034_chr5_177613337,2000,3.452308177947998,0.15998151898384094,0.423625,0.82,True
syn_0034_chr5_177613337,4000,5.479000091552734,0.26351699233055115,0.423625,0.82,True
syn_0266_chr1_231150611,1000,1.209110975265503,0.06263177841901779,0.423,0.558625,False
syn_0266_chr1_231150611,2000,1.5643019676208496,0.07052961736917496,0.423,0.558625,False
syn_0266_chr1_231150611,4000,3.138470411300659,0.13382062315940857,0.423,0.558625,False
syn_0133_chr2_108189882,1000,1.5146229267120361,0.06296339631080627,0.35475,0.721375,True
syn_0133_chr2_108189882,2000,2.6283066272735596,0.12713010609149933,0.35475,0.721375,True
syn_0133_chr2_108189882,4000,4.058889865875244,0.20302700996398926,0.35475,0.721375,True
syn_0012_chr3_48242243,1000,1.1636571884155273,0.07107853144407272,0.44825,0.59675,True
syn_0012_chr3_48242243,2000,1.3439265489578247,0.0639432966709137,0.44825,0.59675,True
syn_0012_chr3_48242243,4000,2.991603374481201,0.33272913098335266,0.44825,0.59675,True
syn_0279_chr7_12152163,1000,1.6393216848373413,0.08917596191167831,0.341,0.469375,False
syn_0279_chr7_12152163,2000,1.778799057006836,0.07206011563539505,0.341,0.469375,False
syn_0279_chr7_12152163,4000,3.1223948001861572,0.14015831053256989,0.341,0.469375,False
syn_0144_chr8_76077556,1000,1.5867843627929688,0.07466522604227066,0.35025,0.65,False
syn_0144_chr8_76077556,2000,2.2297534942626953,0.08672529458999634,0.35025,0.65,False
syn_0144_chr8_76077556,4000,3.6091291904449463,0.1369999349117279,0.35025,0.65,False
syn_0138_chr6_37651337,1000,2.1098220348358154,0.1397549957036972,0.505125,0.3885,True
syn_0138_chr6_37651337,2000,2.6892828941345215,0.1513078510761261,0.505125,0.3885,True
syn_0138_chr6_37651337,4000,3.1068978309631348,0.12882721424102783,0.505125,0.3885,True
syn_0082_chr2_136225563,1000,2.429211139678955,0.1164831817150116,0.402625,0.2935,True
syn_0082_chr2_136225563,2000,2.737067699432373,0.12484238296747208,0.402625,0.2935,True
syn_0082_chr2_136225563,4000,4.043188095092773,0.1936541497707367,0.402625,0.2935,True
syn_0225_chr5_93145927,1000,1.4057449102401733,0.060965631157159805,0.37925,0.31925,False
syn_0225_chr5_93145927,2000,2.1799659729003906,0.09879998862743378,0.37925,0.31925,False
syn_0225_chr5_93145927,4000,3.1750028133392334,0.156411275267601,0.37925,0.31925,False
syn_0298_chr7_54468624,1000,1.0831979513168335,0.04468413442373276,0.394625,0.18225,False
syn_0298_chr7_54468624,2000,1.7375140190124512,0.09145038574934006,0.394625,0.18225,False
syn_0298_chr7_54468624,4000,2.6737678050994873,0.13611072301864624,0.394625,0.18225,False
syn_0078_chr22_25233233,1000,1.6707590818405151,0.07216820120811462,0.47325,0.715125,False
syn_0078_chr22_25233233,2000,1.8805513381958008,0.07496245950460434,0.47325,0.715125,False
syn_0078_chr22_25233233,4000,2.9945638179779053,0.11098498106002808,0.47325,0.715125,False
syn_0116_chr1_42096198,1000,2.141570568084717,0.11254987120628357,0.356625,0.881625,False
syn_0116_chr1_42096198,2000,3.5830061435699463,0.1884629875421524,0.356625,0.881625,False
syn_0116_chr1_42096198,4000,5.674742221832275,0.2980042099952698,0.356625,0.881625,False
syn_0181_chr8_130449370,1000,1.5994527339935303,0.07952924817800522,0.433,0.543375,False
syn_0181_chr8_130449370,2000,1.9003894329071045,0.08484665304422379,0.433,0.543375,False
syn_0181_chr8_130449370,4000,2.6482632160186768,0.09673550724983215,0.433,0.543375,False
syn_0123_chr21_28136398,1000,2.4079174995422363,0.11019288003444672,0.35025,0.57875,True
syn_0123_chr21_28136398,2000,3.142159938812256,0.1346878856420517,0.35025,0.57875,True
syn_0123_chr21_28136398,4000,4.659584999084473,0.18567416071891785,0.35025,0.57875,True
syn_0164_chr13_96126942,1000,1.333005666732788,0.0788515955209732,0.391,0.615,True
syn_0164_chr13_96126942,2000,2.1652231216430664,0.1663496345281601,0.391,0.615,True
syn_0164_chr13_96126942,4000,3.8577499389648438,0.271984338760376,0.391,0.615,True
syn_0062_chr16_17529192,1000,1.162231683731079,0.052439939230680466,0.444875,0.6245,False
syn_0062_chr16_17529192,2000,1.6486279964447021,0.05934365093708038,0.444875,0.6245,False
syn_0062_chr16_17529192,4000,3.426426649093628,0.12520067393779755,0.444875,0.6245,False
syn_0072_chr6_159533000,1000,1.6398851871490479,0.06851688772439957,0.41975,0.375375,True
syn_0072_chr6_159533000,2000,2.621819257736206,0.11705655604600906,0.41975,0.375375,True
syn_0072_chr6_159533000,4000,4.958510398864746,0.24985811114311218,0.41975,0.375375,True
syn_0218_chr13_69053575,1000,1.5592989921569824,0.06280187517404556,0.328125,0.8525,False
syn_0218_chr13_69053575,2000,2.402279853820801,0.10016346722841263,0.328125,0.8525,False
syn_0218_chr13_69053575,4000,4.338020324707031,0.19725342094898224,0.328125,0.8525,False
syn_0016_chr8_108554172,1000,2.082530975341797,0.09995504468679428,0.364375,0.32575,False
syn_0016_chr8_108554172,2000,2.4860081672668457,0.11334005743265152,0.364375,0.32575,False
syn_0016_chr8_108554172,4000,2.980783224105835,0.12290076911449432,0.364375,0.32575,False
syn_0280_chr1_194734973,1000,2.5989749431610107,0.12033450603485107,0.34075,0.339,False
syn_0280_chr1_194734973,2000,3.718581199645996,0.1843922734260559,0.34075,0.339,False
syn_0280_chr1_194734973,4000,4.792875289916992,0.2237182855606079,0.34075,0.339,False
syn_0061_chr8_15111648,1000,1.5046472549438477,0.07080432772636414,0.378375,0.281125,True
syn_0061_chr8_15111648,2000,1.9448249340057373,0.09770606458187103,0.378375,0.281125,True
syn_0061_chr8_15111648,4000,2.5133633613586426,0.1150934025645256,0.378375,0.281125,True
syn_0154_chr1_116893091,1000,1.8346601724624634,0.07473287731409073,0.407875,0.815,False
syn_0154_chr1_116893091,2000,2.5215609073638916,0.11440007388591766,0.407875,0.815,False
syn_0154_chr1_116893091,4000,5.209362983703613,0.24344229698181152,0.407875,0.815,False
syn_0264_chr2_83202330,1000,0.9064876437187195,0.04838879033923149,0.36825,0.422125,False
syn_0264_chr2_83202330,2000,2.0182526111602783,0.10151971876621246,0.36825,0.422125,False
syn_0264_chr2_83202330,4000,3.7981295585632324,0.17694109678268433,0.36825,0.422125,False
syn_0005_chr10_78903462,1000,1.751137614250183,0.08957629650831223,0.528125,0.309625,False
syn_0005_chr10_78903462,2000,1.9629243612289429,0.09661303460597992,0.528125,0.309625,False
syn_0005_chr10_78903462,4000,2.4450864791870117,0.11458277702331543,0.528125,0.309625,False
syn_0250_chr15_87708864,1000,1.207055687904358,0.053362783044576645,0.411375,0.289125,False
syn_0250_chr15_87708864,2000,1.5221227407455444,0.07874170690774918,0.411375,0.289125,False
syn_0250_chr15_87708864,4000,3.62477970123291,0.2518821656703949,0.411375,0.289125,False
syn_0081_chr5_66683970,1000,1.6822305917739868,0.16517490148544312,0.3905,0.336875,True
syn_0081_chr5_66683970,2000,2.6384525299072266,0.24934402108192444,0.3905,0.336875,True
syn_0081_chr5_66683970,4000,4.348841190338135,0.3911777436733246,0.3905,0.336875,True
syn_0206_chr12_51460172,1000,2.07301664352417,0.13696114718914032,0.41025,0.23325,True
syn_0206_chr12_51460172,2000,2.880309820175171,0.22548659145832062,0.41025,0.23325,True
syn_0206_chr12_51460172,4000,3.6711769104003906,0.24983787536621094,0.41025,0.23325,True
syn_0227_chr7_53017432,1000,1.8449970483779907,0.09184082597494125,0.34975,0.521375,False
syn_0227_chr7_53017432,2000,2.4511003494262695,0.11804602295160294,0.34975,0.521375,False
syn_0227_chr7_53017432,4000,3.7032413482666016,0.1660725176334381,0.34975,0.521375,False
syn_0232_chr11_42613429,1000,1.931972861289978,0.08327245712280273,0.396,0.629125,False
syn_0232_chr11_42613429,2000,3.0500707626342773,0.16364948451519012,0.396,0.629125,False
syn_0232_chr11_42613429,4000,3.3265063762664795,0.15195055305957794,0.396,0.629125,False
syn_0284_chr1_82082877,1000,1.2005505561828613,0.07721209526062012,0.35425,0.39025,False
syn_0284_chr1_82082877,2000,1.8123763799667358,0.08511285483837128,0.35425,0.39025,False
syn_0284_chr1_82082877,4000,2.6206748485565186,0.14178884029388428,0.35425,0.39025,False
syn_0003_chr6_18100727,1000,1.7229567766189575,0.07372777163982391,0.40075,0.814375,False
syn_0003_chr6_18100727,2000,3.1339621543884277,0.139300137758255,0.40075,0.814375,False
syn_0003_chr6_18100727,4000,4.776121139526367,0.20968151092529297,0.40075,0.814375,False
syn_0036_chr5_134497438,1000,1.3980076313018799,0.07278729230165482,0.476625,0.611875,True
syn_0036_chr5_134497438,2000,1.8882112503051758,0.09455408900976181,0.476625,0.611875,True
syn_0036_chr5_134497438,4000,2.7918996810913086,0.11767104268074036,0.476625,0.611875,True
syn_0055_chr9_68560476,1000,1.2793073654174805,0.06154438480734825,0.4355,0.437875,True
syn_0055_chr9_68560476,2000,1.4865939617156982,0.06451291590929031,0.4355,0.437875,True
syn_0055_chr9_68560476,4000,2.1759164333343506,0.1031266301870346,0.4355,0.437875,True
syn_0090_chr1_17382498,1000,1.0117865800857544,0.06589342653751373,0.523,0.4575,True
syn_0090_chr1_17382498,2000,2.251525402069092,0.10681654512882233,0.523,0.4575,True
syn_0090_chr1_17382498,4000,4.000116348266602,0.17841297388076782,0.523,0.4575,True
syn_0102_chr4_124852231,1000,1.0611777305603027,0.044922687113285065,0.376125,0.271875,False
syn_0102_chr4_124852231,2000,1.3368204832077026,0.04836571216583252,0.376125,0.271875,False
syn_0102_chr4_124852231,4000,2.6196084022521973,0.11015371233224869,0.376125,0.271875,False
syn_0105_chr3_99770408,1000,1.5403162240982056,0.0941210612654686,0.409125,0.40825,True
syn_0105_chr3_99770408,2000,1.504562258720398,0.06371983885765076,0.409125,0.40825,True
syn_0105_chr3_99770408,4000,2.68955135345459,0.12728023529052734,0.409125,0.40825,True
syn_0032_chr3_74556256,1000,1.4800537824630737,0.06554199755191803,0.38975,0.603125,True
syn_0032_chr3_74556256,2000,2.3436241149902344,0.1141568124294281,0.38975,0.603125,True
syn_0032_chr3_74556256,4000,3.557386875152588,0.13942652940750122,0.38975,0.603125,True
syn_0255_chr1_20571286,1000,1.0227110385894775,0.04363907501101494,0.47475,0.65725,False
syn_0255_chr1_20571286,2000,1.7316374778747559,0.08108243346214294,0.47475,0.65725,False
syn_0255_chr1_20571286,4000,3.290182590484619,0.1585763692855835,0.47475,0.65725,False
syn_0079_chr7_95599694,1000,1.269611120223999,0.058979541063308716,0.426125,0.541625,True
syn_0079_chr7_95599694,2000,2.280164957046509,0.09965220838785172,0.426125,0.541625,True
syn_0079_chr7_95599694,4000,3.708559274673462,0.1533348113298416,0.426125,0.541625,True
syn_0240_chr13_87220854,1000,1.8697478771209717,0.08730468899011612,0.344,0.61175,False
syn_0240_chr13_87220854,2000,2.0704753398895264,0.0858640968799591,0.344,0.61175,False
syn_0240_chr13_87220854,4000,2.9402880668640137,0.12297947704792023,0.344,0.61175,False
syn_0278_chr13_62050278,1000,1.3531584739685059,0.05713701620697975,0.3465,0.345625,False
syn_0278_chr13_62050278,2000,1.6076912879943848,0.06274314224720001,0.3465,0.345625,False
syn_0278_chr13_62050278,4000,2.9361634254455566,0.15479721128940582,0.3465,0.345625,False
syn_0149_chr5_17726293,1000,1.2107813358306885,0.06184985861182213,0.383,0.2605,True
syn_0149_chr5_17726293,2000,2.3249075412750244,0.10955563932657242,0.383,0.2605,True
syn_0149_chr5_17726293,4000,3.1025242805480957,0.1537238359451294,0.383,0.2605,True
syn_0171_chr18_51491962,1000,1.1220283508300781,0.05023377388715744,0.404375,0.420125,True
syn_0171_chr18_51491962,2000,1.689744472503662,0.07016081362962723,0.404375,0.420125,True
syn_0171_chr18_51491962,4000,2.972196578979492,0.12180785089731216,0.404375,0.420125,True
syn_0002_chr17_6766313,1000,2.2693748474121094,0.105150006711483,0.37325,0.75175,True
syn_0002_chr17_6766313,2000,2.6776130199432373,0.12498429417610168,0.37325,0.75175,True
syn_0002_chr17_6766313,4000,4.375907897949219,0.19785022735595703,0.37325,0.75175,True
syn_0040_chr11_98824738,1000,2.278435707092285,0.11150520294904709,0.3735,0.685625,False
syn_0040_chr11_98824738,2000,4.447052478790283,0.22084057331085205,0.3735,0.685625,False
syn_0040_chr11_98824738,4000,4.542042255401611,0.2010747194290161,0.3735,0.685625,False
syn_0179_chr6_141360944,1000,2.1276745796203613,0.0922245979309082,0.358875,0.7615,False
syn_0179_chr6_141360944,2000,3.112694263458252,0.1362549215555191,0.358875,0.7615,False
syn_0179_chr6_141360944,4000,4.585852146148682,0.22303518652915955,0.358875,0.7615,False
syn_0271_chr7_56604484,1000,1.4144866466522217,0.08338909596204758,0.413375,0.417625,False
syn_0271_chr7_56604484,2000,1.991690993309021,0.11465375125408173,0.413375,0.417625,False
syn_0271_chr7_56604484,4000,3.87389874458313,0.20396408438682556,0.413375,0.417625,False
syn_0104_chr3_52545325,1000,1.1720705032348633,0.06897363811731339,0.40425,0.2095,True
syn_0104_chr3_52545325,2000,1.5586645603179932,0.11582858860492706,0.40425,0.2095,True
syn_0104_chr3_52545325,4000,5.2941694259643555,0.5211747288703918,0.40425,0.2095,True
syn_0031_chr14_75487469,1000,1.3743646144866943,0.05077897384762764,0.47,0.439875,False
syn_0031_chr14_75487469,2000,2.100764751434326,0.08584654331207275,0.47,0.439875,False
syn_0031_chr14_75487469,4000,2.670905590057373,0.1498802751302719,0.47,0.439875,False
syn_0137_chr2_166397565,1000,1.5898981094360352,0.08550611138343811,0.330875,0.515625,True
syn_0137_chr2_166397565,2000,2.037295341491699,0.08918933570384979,0.330875,0.515625,True
syn_0137_chr2_166397565,4000,4.050632476806641,0.2109110951423645,0.330875,0.515625,True
syn_0111_chr9_135336592,1000,0.8582974672317505,0.04299977794289589,0.577875,0.161875,True
syn_0111_chr9_135336592,2000,1.1461501121520996,0.05555962026119232,0.577875,0.161875,True
syn_0111_chr9_135336592,4000,2.5284814834594727,0.13117866218090057,0.577875,0.161875,True
syn_0216_chr13_78772505,1000,1.2695363759994507,0.09275449067354202,0.352375,0.036125,False
syn_0216_chr13_78772505,2000,1.7005586624145508,0.11896008998155594,0.352375,0.036125,False
syn_0216_chr13_78772505,4000,2.6019673347473145,0.1884424388408661,0.352375,0.036125,False
syn_0253_chr2_182575168,1000,1.093807339668274,0.04733464494347572,0.366,0.446125,False
syn_0253_chr2_182575168,2000,1.7023805379867554,0.0873786211013794,0.366,0.446125,False
syn_0253_chr2_182575168,4000,3.016544818878174,0.15046365559101105,0.366,0.446125,False
syn_0205_chr21_40332245,1000,2.0040996074676514,0.09434651583433151,0.393125,0.428625,True
syn_0205_chr21_40332245,2000,2.2867045402526855,0.09757038205862045,0.393125,0.428625,True
syn_0205_chr21_40332245,4000,4.224165439605713,0.1969939023256302,0.393125,0.428625,True
syn_0132_chr1_160740853,1000,0.7873802185058594,0.043332889676094055,0.43725,0.377125,True
syn_0132_chr1_160740853,2000,1.485453486442566,0.06531771272420883,0.43725,0.377125,True
syn_0132_chr1_160740853,4000,2.895923137664795,0.1268543004989624,0.43725,0.377125,True
syn_0254_chr14_94843183,1000,1.5405900478363037,0.06939594447612762,0.472375,0.476125,False
syn_0254_chr14_94843183,2000,2.0061442852020264,0.07190422713756561,0.472375,0.476125,False
syn_0254_chr14_94843183,4000,2.587099552154541,0.09743781387805939,0.472375,0.476125,False
syn_0122_chr3_133405217,1000,1.9576457738876343,0.0833117738366127,0.404625,0.643375,True
syn_0122_chr3_133405217,2000,3.089545488357544,0.15555910766124725,0.404625,0.643375,True
syn_0122_chr3_133405217,4000,4.72389030456543,0.22107286751270294,0.404625,0.643375,True
syn_0261_chr11_125814390,1000,1.9741588830947876,0.10405457764863968,0.401875,0.971375,False
syn_0261_chr11_125814390,2000,3.2043652534484863,0.15405194461345673,0.401875,0.971375,False
syn_0261_chr11_125814390,4000,5.321407318115234,0.2721468210220337,0.401875,0.971375,False
syn_0274_chr11_23481788,1000,2.524625778198242,0.1371394246816635,0.391125,0.83925,False
syn_0274_chr11_23481788,2000,4.437100410461426,0.2558281123638153,0.391125,0.83925,False
syn_0274_chr11_23481788,4000,6.969063758850098,0.40715545415878296,0.391125,0.83925,False
syn_0080_chr12_97909232,1000,1.8246500492095947,0.08962218463420868,0.396125,0.67025,False
syn_0080_chr12_97909232,2000,2.7252066135406494,0.11582649499177933,0.396125,0.67025,False
syn_0080_chr12_97909232,4000,4.854809761047363,0.21640923619270325,0.396125,0.67025,False
