id,pearson,spearman,active_pearson,active_spearman,token_cosine_mean
syn_0165_chr17_3069320,0.9965555028684974,0.8238865801559399,0.9965307929750368,0.8115647770827992,0.5011507148742675
syn_0103_chr2_187112386,0.9975494001055861,0.7577510167316613,0.997533610435436,0.6586147106726491,0.5260211238861084
syn_0108_chr17_45945631,0.9982017355829474,0.732352176053806,0.99818745693485,0.5769438821646654,0.5339964237213135
syn_0044_chr6_35016602,0.997329375040718,0.7533694976493441,0.9973067940636892,0.6749468880116619,0.502288646697998
syn_0230_chr2_18595145,0.9980465870110882,0.7837531561352358,0.9980303554409301,0.7351814629782227,0.49628968811035157
syn_0158_chr5_19481905,0.9982393240886238,0.7966875046533048,0.9982246773197843,0.7184243761083569,0.5206804237365723
syn_0256_chr7_81850686,0.99850670944358,0.8243532323739112,0.9984943104970605,0.8100158432427165,0.49855157470703126
syn_0155_chr5_36122833,0.9953512070655495,0.7474040257560691,0.9952940875108258,0.7046747610154698,0.472555757522583
syn_0001_chr22_30654005,0.9974441278643009,0.8188720345807166,0.9974249994219364,0.7447802671044802,0.46725496101379393
syn_0076_chr8_57661339,0.9939397590660262,0.7698394435865882,0.9938739187684112,0.7027032714361902,0.5240614604949951
syn_0265_chr4_181751256,0.9986338877509298,0.8380548221356395,0.9986211642422109,0.8014818541915163,0.5156963844299316
syn_0286_chr6_159317888,0.9970634878686213,0.8352446605646155,0.9970166779721079,0.8313462769410642,0.4449101781845093
syn_0096_chr1_215952030,0.9973945781768971,0.825295131885421,0.9973687738005926,0.8024580392556623,0.5209074153900146
syn_0051_chr4_118106124,0.998843997393066,0.7628257925194613,0.9988336260480265,0.6892637076460345,0.4908666343688965
syn_0168_chr4_124427337,0.9962821616244437,0.7279382398869698,0.996253098333472,0.616791409082779,0.5038212871551514
syn_0156_chr3_83365554,0.9871160180003478,0.7774560224773189,0.9868442566421919,0.7477586802595366,0.36790345287323
syn_0242_chr4_74400965,0.9980121102072124,0.7317457322969946,0.997997429481139,0.6309352661009541,0.4752981185913086
syn_0275_chr1_179260315,0.998617944036817,0.7753663267779408,0.9986056832316474,0.7102187943142075,0.4589716796875
syn_0089_chr17_71388387,0.9978017443054946,0.7196001701209689,0.9977836507856098,0.5896177026571814,0.5072407150268554
syn_0200_chr9_76966123,0.9966746503755856,0.8010414418417237,0.9966360807922321,0.7645063242037696,0.520263765335083
syn_0091_chr18_38189983,0.9984506413962873,0.7697077114458737,0.998434375752817,0.7237511535810824,0.4923586654663086
syn_0053_chr18_35647725,0.9975179190969281,0.8288496380051013,0.9974897784492216,0.8157593104030086,0.5127256298065186
syn_0290_chr4_85165486,0.9979418920421186,0.8196465250926752,0.997918062318621,0.8048507904358599,0.47274535179138183
syn_0153_chr2_116780658,0.9883808495955645,0.7973116211697163,0.9882004214945499,0.7439284708117176,0.5683248329162598
syn_0069_chr3_53674197,0.9986233465757252,0.7404642696143631,0.9986133160542939,0.6289142664587981,0.5300201835632324
syn_0246_chr22_11781078,0.9978222386471348,0.8269829830066261,0.9977970668267857,0.8131058844763038,0.4982352390289307
syn_0064_chr1_55432984,0.9968689179753725,0.8426405432767045,0.9968100971449906,0.8558802510501308,0.43723760414123536
syn_0211_chr4_71860425,0.9961271847204477,0.8448190900155768,0.9960823356481868,0.8346551409816286,0.5595612583160401
syn_0020_chr16_1657748,0.9938498479725383,0.7900036091351835,0.9938009051956381,0.6994727826198582,0.5300033092498779
syn_0027_chr18_9106909,0.9919021651072754,0.7243499486485607,0.9918354442127035,0.510888021954749,0.4920306453704834
syn_0071_chr4_125329088,0.9975926488917509,0.8262288193807127,0.9975776755246053,0.7842923767450967,0.4992417087554932
syn_0024_chr6_76229170,0.9980673485692602,0.832311046645873,0.9980451901868445,0.8274760220603627,0.4894817352294922
syn_0295_chr6_40260640,0.9990021074996888,0.7704882059845896,0.9989939934184855,0.703581931646739,0.5106534442901611
syn_0006_chr7_9371834,0.9989141632221246,0.8533265032517756,0.9989035613353261,0.8470978887388919,0.49550618362426757
syn_0188_chr10_46988599,0.9887278931277687,0.7278180275659727,0.9885430424524543,0.6504837266133134,0.441707893371582
syn_0203_chr16_55358389,0.9990723219268794,0.7563138080954326,0.9990644845639842,0.6702782278249408,0.4930412425994873
syn_0182_chr4_180032995,0.9978419564462256,0.8521164274430131,0.9978106312972729,0.8570431552342257,0.46730556392669675
syn_0229_chr2_193192739,0.9981797136483934,0.8425701986312232,0.9981599397489608,0.8316575670653688,0.5089366607666016
syn_0277_chr12_10149470,0.9967369585409662,0.8643211645038862,0.9966983207127021,0.8345754892760701,0.48718536567687987
syn_0289_chr16_86307932,0.9979534059458179,0.7308082252076102,0.9979376196367056,0.5606414231373088,0.5569700660705567
syn_0178_chr11_123707432,0.9972639546707105,0.8036778009088743,0.997235939250676,0.7438471424466123,0.4759333419799805
syn_0269_chr9_60882577,0.9986601901784896,0.8296551072782316,0.998645978529649,0.807545025929783,0.4736327171325684
syn_0161_chr5_64528315,0.9974423785229811,0.8005069078427742,0.9974177057510408,0.7452510402946284,0.4834665641784668
syn_0148_chr9_41055869,0.998417170251341,0.8388820320593382,0.9984015461752912,0.8302656453537681,0.46665406036376955
syn_0159_chr5_36163049,0.9975936544290007,0.7414979374466593,0.9975843976745452,0.6445278033251056,0.5000117893218994
syn_0136_chr3_34021349,0.9987623407680429,0.762556277008137,0.9987506488551685,0.6917422417548968,0.4761007137298584
syn_0129_chr5_27766966,0.9970412894443698,0.7473468720340076,0.997016653049763,0.643998328840559,0.5065982294082642
syn_0173_chr8_65352535,0.9967592490397849,0.8282081878277524,0.9967118976807139,0.8344091579866978,0.5086138401031494
syn_0189_chr9_116409653,0.999189809862736,0.7404315580812552,0.9991820232752432,0.6537855623887443,0.4769820938110352
syn_0233_chr12_11371505,0.995670821860172,0.7791142649837784,0.9956744991904449,0.7593637505773934,0.4936254024505615
syn_0272_chr5_54496574,0.9958926243660656,0.7451386499450413,0.9958441042258613,0.6488497199299367,0.53054345703125
syn_0262_chr2_226220201,0.9966365481445305,0.7057727856492428,0.9966017231442611,0.6120598192071952,0.46193929100036624
syn_0222_chr12_17208925,0.9989658810264458,0.7639965657721745,0.9989584084703897,0.6582317255316837,0.5069130401611328
syn_0121_chr1_21682604,0.9894056242142929,0.8135464084881874,0.9892810861808443,0.7471685078011718,0.46227179527282714
syn_0236_chr1_17833591,0.9991988116423245,0.8368356137756136,0.9991909262449912,0.8182924381202341,0.527001127243042
syn_0084_chr7_115955699,0.9925917777336944,0.8322406498414049,0.9925062337621717,0.8107608830558198,0.478172571182251
syn_0235_chr3_162626109,0.998706540405395,0.8405869766095583,0.9986996354241744,0.8030796735169545,0.5037624416351318
syn_0052_chr18_45963547,0.9966715821357032,0.6836780571062776,0.9966472724011473,0.4814402630117064,0.5433509845733643
syn_0011_chr12_116152775,0.9844700457182866,0.7836084679426281,0.9843475044738441,0.6655737254013966,0.5109912796020508
syn_0030_chr5_62865140,0.9959401404813973,0.7464545351344274,0.9958959578532248,0.6719282131409232,0.5261849155426025
syn_0000_chr10_117512146,0.9989773180821727,0.7537316547290628,0.9989691475631964,0.6697223958044677,0.5274865741729736
syn_0175_chr2_202980948,0.9862836687516932,0.7544653787863147,0.9861709832594558,0.60894357166795,0.5420568771362305
syn_0047_chr1_179025687,0.9641352969661262,0.7484368942265733,0.9638609066995109,0.628002402134237,0.5244514064788819
syn_0029_chr6_132923062,0.9990426363447634,0.7639440008163897,0.9990367146685075,0.6521961586232441,0.5129466781616211
syn_0217_chr17_79751637,0.9987936112368025,0.8247525846262835,0.9987844534034515,0.7757033513303175,0.5283401279449463
syn_0237_chr14_47844619,0.9845223295838191,0.854429036036801,0.9841592786037908,0.8570950010658985,0.4309505405426025
syn_0135_chr6_89324511,0.985934154597762,0.7494080399885741,0.9858108645615995,0.664536158108293,0.5326414794921875
syn_0215_chr10_114392822,0.9967831564799798,0.8183005288039624,0.9967599852869259,0.7899564931810565,0.5464610004425049
syn_0208_chr2_112933405,0.9976590038558274,0.7657358152379166,0.997636904757027,0.7149856258095405,0.49933868980407714
syn_0184_chr4_69394625,0.9975077567260057,0.8219778817143301,0.997480292600422,0.7934010935509621,0.5215028400421142
syn_0201_chr7_15318872,0.9985417710761457,0.8138243045545239,0.9985402040190695,0.783378690528524,0.521032506942749
syn_0008_chr13_78139346,0.9980497722712828,0.8114409873786714,0.9980328166415233,0.7491906820306783,0.4948867301940918
syn_0212_chr7_65973083,0.9989951204931514,0.8487714759876391,0.9989850895801636,0.8301386091655067,0.5116805343627929
syn_0118_chr9_41155736,0.9937698187770767,0.7726456937234333,0.9937206519718446,0.6712389105127735,0.5239726486206054
syn_0028_chr2_222675766,0.9976499004681305,0.7731899622757268,0.9976221105088376,0.7303977435562178,0.46278575325012206
syn_0198_chr2_111410362,0.9995024481965299,0.8342299025775025,0.9994988458011461,0.8020892620009797,0.548574161529541
syn_0045_chr3_72379953,0.9923643078022605,0.8277149664920724,0.9923068155891072,0.7843491895622116,0.5457650966644287
syn_0239_chr4_45107524,0.993574117587326,0.8223589809880152,0.9934628010063353,0.8343172839338191,0.45929239463806154
syn_0117_chr9_26082385,0.993848862583469,0.7703916551773182,0.9937846954372966,0.7231249960636409,0.45785716056823733
syn_0296_chr21_43292446,0.9953975193640967,0.8433699630088025,0.9953275623688785,0.8531292839259459,0.47439294624328615
syn_0093_chr12_78243338,0.9985171566142289,0.7512162630555097,0.9985039964905956,0.6568533065591425,0.5084695148468018
syn_0092_chr12_75858902,0.9978649228834715,0.7872908172809165,0.9978470454759606,0.716707697613636,0.48950503730773925
syn_0041_chr20_21376163,0.9661842069083794,0.797682810733353,0.9659114876037419,0.72004284786724,0.5192256660461426
syn_0241_chr5_27189679,0.9926241659560592,0.7971528610356404,0.9924988347151132,0.7490198446806133,0.39683137130737306
syn_0267_chr10_129346597,0.9969323215673328,0.7828047987152602,0.9969067608952764,0.7427973684849916,0.5311845359802246
syn_0126_chr11_85944626,0.9986906508680721,0.7364811909833757,0.9986796303159486,0.5997750398782867,0.4954552116394043
syn_0214_chr21_33919787,0.9992988660699803,0.8404400323662532,0.9992940937121652,0.802130962802602,0.5165119915008545
syn_0162_chr12_9138009,0.9905733270366934,0.8111900375869618,0.9904355253633752,0.7550297637721491,0.5787519855499268
syn_0195_chr18_67692163,0.9977240385458453,0.7183554679087247,0.997706140477544,0.5657773523621858,0.5041308422088623
syn_0100_chr2_145819534,0.9988176867559502,0.8045320672680994,0.9988085919716728,0.7642985778591448,0.4965766544342041
syn_0170_chr2_7140771,0.9984706391718937,0.8151050438793747,0.9984543202991707,0.8022656137419586,0.49810206031799314
syn_0169_chr9_105804246,0.9992554981829129,0.8912304619216039,0.99924212008214,0.9290021971185143,0.513458137512207
syn_0231_chr2_128947124,0.9979542852064563,0.8165342685416164,0.9979373124006528,0.8034707473982119,0.505401686668396
syn_0223_chr2_180346474,0.9977369234442449,0.8320079501403531,0.9976955348502914,0.8412614250635326,0.42793727684020993
syn_0113_chr1_61586980,0.9976993570511566,0.7708469111265379,0.997674976142198,0.7138836485179839,0.4764591693878174
syn_0197_chr22_19046661,0.9903693249742207,0.717660861674195,0.9902441414502706,0.5594665093767809,0.45106059646606445
syn_0107_chr1_15819139,0.998671454754151,0.8589610109486008,0.9986571948249124,0.8562239296339782,0.49656758880615237
syn_0199_chr9_105196397,0.9984028604313024,0.8419279928038729,0.9983854794257475,0.8321356243347956,0.4672242183685303
syn_0056_chr14_95803670,0.9964431792518972,0.7609746121245088,0.9964033342579824,0.7032163398378645,0.4664337863922119
syn_0026_chr11_119827612,0.9982881030061527,0.8343608564809014,0.9982736773491082,0.825274159653307,0.5451727638244629
syn_0004_chr16_33847837,0.9974301722866308,0.8312924789566443,0.9973927177787688,0.8395660859716466,0.5154411067962646
syn_0119_chr19_22171659,0.9968757108543851,0.8087126355064279,0.996841725099543,0.7842031703618143,0.5024011726379395
syn_0019_chr13_109956102,0.9927554738113264,0.8265611597533369,0.992666552496593,0.8064725629608104,0.4818218231201172
syn_0042_chr14_86654570,0.9977435452965044,0.75677038720537,0.9977214995527343,0.676062382802864,0.5085072641372681
syn_0095_chr3_148105278,0.9982574551329519,0.796311616873592,0.9982407247475138,0.7548300355671445,0.49341856575012205
syn_0143_chr17_56284688,0.9983417617741543,0.8404250772342923,0.9983316920783527,0.8124242834194203,0.49412098121643067
syn_0043_chr8_50109843,0.9983365279505341,0.8496832555931402,0.9983198389537976,0.8402265770577396,0.46925433921813964
syn_0146_chr3_150280599,0.9962848916322719,0.7462742612642919,0.9962386173087837,0.6872516191987562,0.4648828411102295
syn_0120_chr1_239061181,0.9984842864992167,0.8444062691716857,0.998467252820058,0.8400757268316311,0.5029181575775147
syn_0191_chr1_190030707,0.9982725791109716,0.7738080087420431,0.9982560227114421,0.7187990972373558,0.5102674026489258
syn_0125_chr4_161662898,0.9942250299111012,0.761774053802687,0.994154489998527,0.7143036145863897,0.4547325210571289
syn_0297_chr21_26797471,0.9989714415431741,0.7694158824266859,0.998963970906883,0.6790776511024185,0.5288421859741211
syn_0017_chr8_15813513,0.9989447763429332,0.8187980630334935,0.9989415683868405,0.8078305694431341,0.4946919460296631
syn_0141_chr18_3844587,0.9981639138163373,0.7246982847933561,0.9981458260342568,0.6335705949512705,0.4684741973876953
syn_0142_chr6_115071195,0.9989155439507117,0.8321906095258337,0.9989055766472372,0.8085188267484159,0.5259720630645752
syn_0145_chr17_30033703,0.9974090593064371,0.7553547169355744,0.997389750205605,0.7275622869582565,0.47755856132507324
syn_0106_chr10_114496181,0.9958907415444322,0.7712110976430608,0.9958549236410793,0.6962103498915572,0.5018203125
syn_0238_chr10_2245111,0.9971243057483945,0.842482794283922,0.9970874857002716,0.8355325440812459,0.4673960342407227
syn_0037_chr9_68532882,0.9952821065058308,0.7951152452743115,0.9952475232011502,0.7238681608420486,0.5610799522399902
syn_0124_chr8_139555833,0.9964693061178789,0.8252543922358104,0.9964415507687734,0.8211125096884303,0.49781308364868165
syn_0110_chr8_58438333,0.9916945035497617,0.77179258063193,0.991622773178361,0.6814748952810239,0.4834042282104492
syn_0157_chr18_23367331,0.9966437948276756,0.7593041895329874,0.9966271829777837,0.6325401753397023,0.5225183906555175
syn_0283_chr9_20133580,0.9984892764754802,0.813883667331702,0.998476100179401,0.7725433716270353,0.5004684886932373
syn_0139_chr22_29976913,0.9866800408173777,0.7088962737447486,0.9865698272031186,0.5234443573292984,0.5040253868103027
syn_0177_chr11_64059491,0.998729788321336,0.7851716005872659,0.998720920626815,0.7294309267293658,0.5867982521057129
syn_0151_chr4_185002972,0.9972095917070365,0.6941010807858983,0.9971860475924258,0.5115635531506684,0.501091480255127
syn_0224_chr3_152684571,0.9920635782184016,0.765599041265908,0.9919608199860687,0.7329353520233863,0.4419293460845947
syn_0112_chr12_107141452,0.9979493906293764,0.7396883476700175,0.9979387325181691,0.6682479279169684,0.5090383224487305
syn_0259_chr11_127508425,0.9857877354101713,0.8514108685712223,0.985450575667847,0.8599129493234292,0.39682574462890624
syn_0098_chr19_3611580,0.995867849227173,0.6942318837401205,0.9958392803663648,0.5578809072583056,0.5883254547119141
syn_0260_chr4_151367993,0.9989192620813521,0.8131389043020961,0.9989073693017958,0.7847750710197469,0.4553482265472412
syn_0273_chr6_156512184,0.996661682950268,0.7811215807128005,0.9966348071806594,0.7219607189909695,0.5271263504028321
syn_0049_chr16_86636838,0.998542227523519,0.7429497759163477,0.9985294506018595,0.6369885927471247,0.5365264949798584
syn_0276_chr13_44335749,0.9972540680171575,0.8332870674448911,0.9972275400459448,0.8302320965014613,0.4678725128173828
syn_0073_chr10_60252238,0.9981296205088396,0.8352611829244707,0.9981129530806084,0.8122707840405418,0.5070514640808106
syn_0288_chr2_173392465,0.9963391143454784,0.7597858824423329,0.9963124401509362,0.6599889096379243,0.5154074649810791
syn_0234_chr2_127814983,0.994001375742991,0.8097857190643889,0.993973761807455,0.7529975413629765,0.5457724208831787
syn_0270_chr3_137906278,0.9840979587542031,0.8497708923397299,0.9837268509361369,0.8512129814554504,0.4508719673156738
syn_0067_chr17_38302525,0.9911837914969649,0.8088636892109621,0.9910890471858038,0.7288772362283643,0.4777333221435547
syn_0220_chr12_81798227,0.9961142584622381,0.8190141779076376,0.9960742823714026,0.7913043689885677,0.49850400352478025
syn_0221_chr6_76201657,0.9988873289140666,0.768393486016011,0.9988761413666987,0.7058718020749056,0.4794722385406494
syn_0074_chr11_9022978,0.9988963384014362,0.7273783799767564,0.9988880779507833,0.5949631197522786,0.5122414684295654
syn_0292_chr5_57878101,0.9981176664657019,0.7381002262301434,0.9981017282796404,0.6112205743803877,0.49984068298339845
syn_0010_chr17_1954102,0.9990105498728424,0.8156636243788894,0.99900436176292,0.777169811261971,0.5088197841644287
syn_0251_chr2_2336869,0.9977658405953789,0.7390497008844463,0.9977442324630484,0.6250903491027321,0.49981673622131345
syn_0087_chr3_65801445,0.9956117885526476,0.7376132535345026,0.9955572455163992,0.681794586065348,0.4661164493560791
syn_0247_chr5_166763276,0.9990266870409903,0.8161322082997464,0.9990192586462215,0.7484633804681636,0.511363847732544
syn_0167_chr14_101771124,0.997072997963063,0.7397045541060487,0.9970528120475524,0.6361248168419901,0.5116438865661621
syn_0058_chr4_92608789,0.9897188883076149,0.8418131949452092,0.9894821412628607,0.8455737133803428,0.3859494552612305
syn_0210_chr10_44424460,0.9924071971027316,0.8362698634015451,0.9923008543424714,0.8196656291580545,0.4992126064300537
syn_0048_chr14_48671197,0.9855238035861672,0.8490902431743677,0.9852457697086325,0.8394030332669459,0.427656270980835
syn_0007_chr19_46935758,0.9959572448389357,0.8340817394651591,0.9959157978154131,0.7965271786902962,0.49361674880981443
syn_0038_chr1_78219535,0.9963669646370025,0.7982434576918279,0.9963333921487824,0.7602751070057281,0.4809789295196533
syn_0291_chr3_40939175,0.9903483121796922,0.7691812216461547,0.990160553997182,0.7524900619571878,0.3775435371398926
syn_0204_chr11_15397246,0.9892536056966384,0.7645144706327373,0.9890782380357197,0.7230893872317175,0.4474323768615723
syn_0245_chr3_118816105,0.9984698655949915,0.8096444210298478,0.9984539874822412,0.781824753539014,0.48453689002990724
syn_0057_chr13_50128094,0.9993370914854057,0.8393393653669019,0.9993315971015176,0.8435258443001393,0.6759280891418457
syn_0176_chr2_157323634,0.9987667045501849,0.735950856836516,0.9987635357420255,0.635224406021161,0.5298623199462891
syn_0285_chr1_91173450,0.9980484054552852,0.8099558282153324,0.9980368196541279,0.7469968094836535,0.5368332576751709
syn_0094_chr6_81230163,0.9981193698876897,0.8272494295463009,0.9980994703341739,0.8220968956738445,0.44509764766693116
syn_0294_chr21_27569211,0.9943881962925054,0.8230335782708433,0.9943345416379771,0.7886599780912157,0.5224977397918701
syn_0226_chr6_93834579,0.9939783297204366,0.8359156121643964,0.9938655435896445,0.8451952671575669,0.42423969078063967
syn_0152_chr14_73383451,0.9981646570987508,0.847325387408182,0.9981466976695142,0.8126419762236351,0.4911167621612549
syn_0046_chr7_86973230,0.9954932603927167,0.8195119690677232,0.9954613497775889,0.7896534109223734,0.4604032440185547
syn_0066_chr5_7389848,0.997863959366802,0.8314983744763348,0.9978516883353645,0.7812045466887922,0.5804701499938965
syn_0150_chr4_167932626,0.9978527376948311,0.7592145574758556,0.9978244662163279,0.6898903778878004,0.4715421199798584
syn_0248_chr13_102461566,0.9963198781851044,0.7475135686767763,0.9962909511443407,0.6626890518310364,0.47323106956481936
syn_0039_chr12_47685839,0.9924280694767823,0.811389256704448,0.9923477781834172,0.7513131900408793,0.4726122951507568
syn_0099_chr4_162273643,0.9987566814680127,0.8098434062484261,0.9987444758444949,0.767128019575612,0.49448891258239747
syn_0228_chr9_74233178,0.9983914185228082,0.8490915017046898,0.9983726581182282,0.8426615094152875,0.47967340660095215
syn_0257_chr12_4002343,0.998626608950208,0.705711616615519,0.9986148902362473,0.495777384917398,0.49643535614013673
syn_0185_chr2_181189170,0.9962642199344378,0.8526446401748855,0.9962140323496335,0.8453720700948998,0.4558132839202881
syn_0293_chr6_37101588,0.9991175244874042,0.8313781912445625,0.9991107553268018,0.7650869141369718,0.5174112224578857
syn_0068_chr22_11582009,0.9951390639025727,0.7379246031422403,0.9951330805943871,0.6644604960822542,0.4954992504119873
syn_0174_chr19_55131544,0.9985504573770742,0.8211023323447746,0.9985388837609129,0.7377115397207721,0.5349644298553466
syn_0015_chr2_119425666,0.9986978091898665,0.7590709319089918,0.9986877878655077,0.6830061558100676,0.5471095180511475
syn_0243_chr5_2269955,0.9972097219659432,0.7584689561871528,0.9971886337820584,0.6768877658384397,0.5456317958831787
syn_0077_chr9_132307177,0.9824366262792507,0.7644512502920126,0.9822374170408152,0.6992234925955634,0.4658543815612793
syn_0127_chr12_28773373,0.999110650267051,0.8303878991104527,0.9991022969023119,0.8141436164866208,0.48877304840087893
syn_0166_chr8_89360452,0.9979959693515912,0.8214903698419762,0.9979783333741464,0.7871849151799286,0.5000029010772705
syn_0018_chr5_98403136,0.9972671309840108,0.8392848526228692,0.9972406289500175,0.8354199291313632,0.530528974533081
syn_0086_chr13_87074981,0.9954881272980685,0.8096368835188417,0.9954395932961438,0.7905416162858356,0.5249228401184082
syn_0063_chr2_144368418,0.9988649013944105,0.7971677908803912,0.9988556493064374,0.7390090212335753,0.5109356346130371
syn_0035_chr1_89408799,0.9950523362882104,0.8458414658546519,0.9949658832539799,0.845057571439836,0.4898888759613037
syn_0209_chr8_94715632,0.9962485062865255,0.829247318814709,0.996219785887133,0.7925019614630182,0.5612658214569092
syn_0023_chr3_134696735,0.9974120516560786,0.8266251797707199,0.9973827671192357,0.822389101642961,0.4699357318878174
syn_0083_chr19_36289107,0.9356552106888475,0.8065477542737721,0.9340964358426083,0.721928093615595,0.4471601905822754
syn_0219_chr13_42015992,0.9991742998572853,0.8276672701751526,0.999168079498518,0.7665115581895471,0.4947529354095459
syn_0050_chr10_122228810,0.9960370277892995,0.7935690234986946,0.9960100937398528,0.7503804705623872,0.5452997741699219
syn_0131_chr7_85888357,0.9977744339159457,0.7548827746139785,0.9977565518933946,0.6668928410916707,0.5366151008605957
syn_0025_chr7_157449472,0.9915508870268481,0.7582880828150014,0.9914201327414575,0.7197071907811432,0.49441172695159913
syn_0033_chr15_56193356,0.9974162418347664,0.7997985281286544,0.9973832236550635,0.7711036908165374,0.44993854904174807
syn_0258_chr14_28530239,0.9805846447785111,0.8558583334474871,0.9801022877999899,0.8505764988217823,0.40425350761413575
syn_0180_chr11_46790810,0.9817295095791042,0.6736368024266977,0.98155877380703,0.46497333299691396,0.48416900253295897
syn_0013_chr6_113583269,0.9981459319314416,0.7706942416834375,0.9981337913192334,0.6754129963426289,0.5085787029266358
syn_0147_chr2_19317823,0.9976660865684026,0.7545612333113634,0.997646899212898,0.6928338948770449,0.5117297096252441
syn_0128_chr1_152746229,0.9961230953902371,0.706119051819395,0.9960901940963361,0.5826714167502427,0.5033868637084961
syn_0172_chr6_48412414,0.9990631638496411,0.82321480304746,0.9990549383455835,0.8035186627794552,0.4790456371307373
syn_0207_chr18_34832850,0.997743712384933,0.7392551237045664,0.9977359581590398,0.6068035710971533,0.5170815734863281
syn_0249_chr5_99603119,0.9966920519860651,0.7986165891058443,0.9966593063683523,0.7324562449757205,0.47720631027221677
syn_0060_chr21_24984475,0.9985058203569642,0.7842375541078307,0.998491582630652,0.7164334429166404,0.49028357696533204
syn_0115_chr1_180159343,0.9930544579942872,0.7365550596587557,0.9929796353492697,0.6728127455244117,0.5460694103240967
syn_0192_chr12_49202287,0.9979281298573062,0.762288850429571,0.9979117821263255,0.6289312132658335,0.4780181941986084
syn_0097_chr19_44168914,0.9903124646846873,0.7238180669265408,0.9902136002078517,0.6518788659553599,0.5041434459686279
syn_0244_chr11_120087008,0.9993873667100406,0.7535476531971637,0.9993824762660319,0.6675153544497213,0.5065821208953858
syn_0054_chr11_49746847,0.9971244553243712,0.7656159622504599,0.9970859145217562,0.7450103896957354,0.44818653583526613
syn_0299_chr9_122105890,0.9987015255386832,0.8239807353926927,0.9986920104170304,0.8002975632379639,0.5693697166442871
syn_0070_chr12_68821710,0.993195378065043,0.707796064325534,0.9931264942256997,0.5546651606688525,0.48820243644714356
syn_0059_chr5_84420240,0.9985662014696732,0.8296804674844227,0.9985597257144062,0.816923694328347,0.4958840217590332
syn_0160_chr1_32770113,0.99643856688342,0.8015284363834927,0.9964044063935638,0.7707595407953641,0.6331866455078125
syn_0193_chr2_18295933,0.9990894444484126,0.7600773350262462,0.999081991921842,0.689246070714668,0.5058734874725341
syn_0130_chr21_17528869,0.9793363098481667,0.8055332628416929,0.9791463451184191,0.726408452457341,0.48229120445251467
syn_0287_chr3_36200820,0.9969894984250118,0.8279275417969287,0.9969527767024199,0.8123389312917512,0.4649156436920166
syn_0190_chr2_11428613,0.9984267870529961,0.7646820045542958,0.9984134772837403,0.6753946340605819,0.49101370239257813
syn_0202_chr6_90310684,0.9983785439656307,0.8219812453345084,0.99837508246868,0.7838538029386936,0.5020889167785645
syn_0021_chr2_37454340,0.9993520165508452,0.771884797575979,0.9993484766210945,0.7065070939600688,0.5185765914916992
syn_0282_chr1_18575914,0.9989222273653475,0.7984592234736448,0.9989149482003706,0.7157353137434656,0.5293394012451171
syn_0194_chr7_130235921,0.9990520987081631,0.8420028045448195,0.9990405739559911,0.8262166958486259,0.45580713272094725
syn_0101_chr7_64601119,0.9915175099974898,0.7944521101486685,0.9913811010335775,0.774763705455902,0.5077281646728515
syn_0263_chr14_35496256,0.985534581550924,0.7302507006465073,0.9853156729362005,0.5994985944044486,0.435266716003418
syn_0114_chr3_132571134,0.9974882270003396,0.7550285845564144,0.9974704099502718,0.6719801669404528,0.5034814929962158
syn_0085_chr2_196714445,0.9843549349414641,0.8138467261832106,0.9841973654326411,0.7462269428800581,0.475603307723999
syn_0183_chr4_173129702,0.9988728255648459,0.750433857405086,0.9988664970827232,0.660622301271075,0.5190756721496582
syn_0009_chr8_104682118,0.9976608079689708,0.758988636468771,0.9976560830931668,0.6869664756800059,0.4852501544952393
syn_0281_chr14_83737475,0.9993790949699825,0.7784317005243248,0.9993733048332032,0.7268788523861356,0.497181884765625
syn_0014_chr3_9086404,0.9981475052441776,0.7352672636148463,0.9981329383831001,0.6254147523804258,0.5189003810882569
syn_0163_chr7_53149553,0.9976573191906929,0.8122700063063306,0.9976491431302005,0.7795117224445339,0.5250940227508545
syn_0252_chr2_200196494,0.9917523146886759,0.7670006093786162,0.9916298257839884,0.7324844840642972,0.4553971881866455
syn_0088_chr8_101166890,0.9975743705197353,0.7593380252538277,0.9975538862634643,0.683867360542396,0.5054578113555909
syn_0065_chr8_91996797,0.9979412402915375,0.7235776936456682,0.9979261506769276,0.58560118315323,0.5001784896850586
syn_0140_chr8_17306670,0.9891176625840927,0.747274651669527,0.9890409688663337,0.5950343504856038,0.5177346630096435
syn_0075_chr13_98904722,0.9920297378901818,0.8289610645916765,0.9919518397488241,0.7898903761642097,0.4987304668426514
syn_0196_chr4_122817533,0.9986207633321771,0.7920616769021535,0.9986045309948883,0.7202392078327997,0.4612538185119629
syn_0213_chr9_78437570,0.9990403524497988,0.833860785097591,0.9990293996845193,0.8263573986304895,0.5133834381103516
syn_0268_chr1_115612220,0.9969231141131512,0.7391341859279346,0.9969000332451116,0.6604840950412308,0.49661919021606443
syn_0109_chr11_74436515,0.9988618880566476,0.7478365612486755,0.9988511581900101,0.658118216153453,0.48180600929260253
syn_0134_chr10_6915686,0.9980921993626708,0.7423755110565463,0.9980766447566237,0.6279041196347909,0.48839273071289063
syn_0022_chr11_9730208,0.9802213324128476,0.7339534329697532,0.980027433437545,0.6633351585424678,0.46690400123596193
syn_0187_chr18_58069170,0.9913943902386964,0.7677703846542377,0.9912675121234948,0.723046649547285,0.4250328521728516
syn_0186_chr6_15610734,0.993918277048512,0.7653204181714527,0.9938726875375276,0.6647673820255954,0.5075150356292725
syn_0034_chr5_177613337,0.9919370125463344,0.7000607293646133,0.9918221877213445,0.5920923236928352,0.42979676818847656
syn_0266_chr1_231150611,0.9986207296558182,0.7700714519816916,0.9986086538842538,0.7134440157157562,0.4941412506103516
syn_0133_chr2_108189882,0.9966075977129726,0.7673941755119756,0.9965701485222503,0.7085512141295515,0.4542035732269287
syn_0012_chr3_48242243,0.9944801009612644,0.8301918090765024,0.994430367421675,0.7965585942399497,0.5054401988983155
syn_0279_chr7_12152163,0.9976201130014585,0.6885876419645188,0.9976040691417112,0.5696520855042704,0.5136437835693359
syn_0144_chr8_76077556,0.9983713556648126,0.7413676401550062,0.9983496912364115,0.7095904351565488,0.4278813629150391
syn_0138_chr6_37651337,0.9988580818349477,0.7067297038042288,0.9988505041495375,0.5750548560333125,0.5489468002319335
syn_0082_chr2_136225563,0.9966728514067434,0.8157253232215479,0.9966329716378298,0.7841592185738127,0.4814788455963135
syn_0225_chr5_93145927,0.9978953433080981,0.8351581279728421,0.9978732543268112,0.8286289736145429,0.519910005569458
syn_0298_chr7_54468624,0.9973762725168492,0.8378484577636998,0.9973545649786256,0.7861764896474855,0.5111541938781738
syn_0078_chr22_25233233,0.9989752155418372,0.7614202391184736,0.9989702371541543,0.6671580952074379,0.5193864421844483
syn_0116_chr1_42096198,0.9912697176229512,0.8526100361379493,0.991070202480258,0.8637704970181652,0.3884239063262939
syn_0181_chr8_130449370,0.9989226491511026,0.7783569895350435,0.9989123301071248,0.6971543163160918,0.4819328861236572
syn_0123_chr21_28136398,0.9971495662198827,0.7635868071817111,0.9970992281718632,0.7394175250721244,0.40516177368164064
syn_0164_chr13_96126942,0.994785642502318,0.7447503488011078,0.9947304287271839,0.6586279630947515,0.46787434387207033
syn_0062_chr16_17529192,0.9982828769633728,0.7015398537282547,0.9982689120093744,0.5146987008168314,0.48728121185302736
syn_0072_chr6_159533000,0.9938492003350513,0.6852637038024517,0.993793355634985,0.5574728501505788,0.4861905574798584
syn_0218_chr13_69053575,0.995411599265419,0.7796388421227521,0.9953626005650154,0.7284141918882449,0.45233228874206544
syn_0016_chr8_108554172,0.9984581505843559,0.8097952308661527,0.9984462990270374,0.7817217636384949,0.46763418197631834
syn_0280_chr1_194734973,0.9965314734202952,0.7430047045588319,0.9964938602127827,0.6794561563686895,0.4677829875946045
syn_0061_chr8_15111648,0.9986286011041074,0.7503855230036724,0.9986178333577175,0.687832851764798,0.5056503429412842
syn_0154_chr1_116893091,0.9937740060113118,0.8276416306722408,0.9936813607728486,0.7582476869236481,0.4227352390289307
syn_0264_chr2_83202330,0.9976900547599112,0.7886496982086145,0.9976638241466751,0.755130449783078,0.47003229904174804
syn_0005_chr10_78903462,0.9987126727583561,0.8194040557754728,0.998701480263293,0.791600008861569,0.5729315528869628
syn_0250_chr15_87708864,0.9953007068772977,0.8041267858101194,0.9952726049382115,0.7536864537862246,0.5369547424316407
syn_0081_chr5_66683970,0.9923402082769188,0.7985198950817437,0.9922688282349169,0.7513481960971827,0.5108853740692139
syn_0206_chr12_51460172,0.9955994650648706,0.7339736797565605,0.9955671258742926,0.6053380505526232,0.5160714855194092
syn_0227_chr7_53017432,0.9969675081937643,0.7916257234749138,0.9969324517024929,0.7732014195857871,0.45284984397888184
syn_0232_chr11_42613429,0.9978220197115517,0.7944561465650888,0.9978011468150132,0.7277775146585379,0.48820588493347167
syn_0284_chr1_82082877,0.9981470409569166,0.8622481166501376,0.9981278801604082,0.8610977943374484,0.4854726161956787
syn_0003_chr6_18100727,0.9948609370785964,0.7485856409066611,0.9948145244160708,0.6505689586972103,0.42745725250244143
syn_0036_chr5_134497438,0.9990584091609096,0.8137561571744861,0.9990489180349496,0.770319991784568,0.49819121170043945
syn_0055_chr9_68560476,0.9987890710763887,0.8492485930945642,0.998780502629088,0.8288814329072007,0.508429349899292
syn_0090_chr1_17382498,0.9969273007856202,0.7145428389375541,0.99690292692548,0.5684621813610055,0.5404673728942871
syn_0102_chr4_124852231,0.9988110930277593,0.8086277443643721,0.9988020515512301,0.7483077209087863,0.48945874214172364
syn_0105_chr3_99770408,0.9986926193702123,0.7293113541614101,0.9986827841450721,0.6250990796576835,0.5183890037536621
syn_0032_chr3_74556256,0.9981479182435713,0.7141099475897346,0.9981305401562922,0.5984271670088782,0.4886115417480469
syn_0255_chr1_20571286,0.9975594278499085,0.815241030199918,0.9975361609188381,0.7660804713881897,0.5073281803131103
syn_0079_chr7_95599694,0.9975934675790727,0.7562676755253525,0.9975928858723793,0.7081509627784605,0.4699286479949951
syn_0240_chr13_87220854,0.9984425879752085,0.7584188355151426,0.9984296053939005,0.7046739644599102,0.4982294807434082
syn_0278_chr13_62050278,0.9984106952923985,0.8323737481907711,0.9983935663723568,0.8193636206833039,0.5018248748779297
syn_0149_chr5_17726293,0.998325454569948,0.749157500937989,0.9983153733531106,0.6445033529261833,0.500125732421875
syn_0171_chr18_51491962,0.998529154494712,0.7282928600400279,0.9985173351770354,0.6426183643156317,0.4987513771057129
syn_0002_chr17_6766313,0.995858959351873,0.7660828139938741,0.995803684627438,0.7241667369342772,0.46401434898376465
syn_0040_chr11_98824738,0.9957889663502104,0.7655969795598673,0.9957246760365575,0.7283460671344173,0.449604772567749
syn_0179_chr6_141360944,0.9948350708054964,0.7852193675580829,0.9947515931602322,0.759089561889055,0.4162669792175293
syn_0271_chr7_56604484,0.9972943149339623,0.8452417607215499,0.9972717868391135,0.8329331465340916,0.46230738258361814
syn_0104_chr3_52545325,0.9909739746301844,0.8375141876920694,0.990889879996308,0.7876188452429228,0.5289509315490722
syn_0031_chr14_75487469,0.9991064787461386,0.8388243139889751,0.9990991723846997,0.77469447691696,0.5155491828918457
syn_0137_chr2_166397565,0.996684296774626,0.7773877038194295,0.9966425245520617,0.7564009172505288,0.46083267402648925
syn_0111_chr9_135336592,0.9988746894066097,0.8388125916354334,0.9988654868188509,0.821235897856299,0.599004566192627
syn_0216_chr13_78772505,0.9974731490250932,0.8150658197763319,0.9974486840960969,0.7882499201862219,0.5228639240264893
syn_0253_chr2_182575168,0.9982243873323072,0.7750692462085756,0.9982133228493827,0.7106891928679387,0.49280261993408203
syn_0205_chr21_40332245,0.9980315860462775,0.7958616902536823,0.9980073117095988,0.7857149980220578,0.4350327262878418
syn_0132_chr1_160740853,0.9982405644633779,0.7411018212669389,0.9982272142113772,0.6640920468634993,0.5079950065612793
syn_0254_chr14_94843183,0.9991081356057563,0.7840650218277884,0.9991022170479394,0.6696777247670761,0.5126301994323731
syn_0122_chr3_133405217,0.9949724604980298,0.8150889781897412,0.9948899093655196,0.8055232472727883,0.4495100498199463
syn_0261_chr11_125814390,0.9955303385130415,0.8194373072613953,0.9954409184865307,0.8232222683565557,0.44630327796936037
syn_0274_chr11_23481788,0.9896644586857679,0.8518804101168377,0.9894203827019152,0.8729868563903718,0.4478507785797119
syn_0080_chr12_97909232,0.9947880464028892,0.8154652435851155,0.9947271343867379,0.7571319674731274,0.4502186508178711
